	Model	GR#	GDT_TS	NP_P	Z-M1-GDT	Z-M1s-GDT	Z-MA-GDT	Z-MAs-GDT	GDT_HA	Z-M1s-GDT-HA	GDC_SC	GDC_ALL	RMS_CA	RMS_ALL	NP	err	PC01	PC05	AL0_P	AL4_P	Z-M1-AL0_p	Z-M1s-AL0_p	Z-MA-AL0_p	Z-MAs-AL0_p	ALI_P	LGA_S	RMSD[L]	Z-score[M]	Z-Score[D]	Al.Res.	RMSD[D]	MolPrb_Score	LDDT	SphGr	CAD_AA	RPF	CODM	DFM	Handed.	SOV	CE	QCS	CONTS	TMscore	Dali(raw)	FlexE	QSE	CAD_SS	MolPrb_clash	MolPrb_rotout	MolPrb_ramout	MolPrb_ramfv	Target_difficulty	Target_Neff	Target_classification	Model_type	Model_template	Model_DipDiff	Model_ChiDiff	Model_BBscore	Model_SCscore	Template_DipDiff	Template_ChiDiff	Template_BBscore	Template_SCscore	nLoops	Loops_avDipDiff	Loops_sdDipDiff	Loops_avChiDiff	Loops_sdChiDiff	Loops_avBBscore	Loops_sdBBscore	Loops_avSCscore	Loops_sdSCscore	Loops_avGDT_TS	Loops_sdGDT_TS	Loops_avGDT_HA	Loops_sdGDT_HA	Loops_avGDC_SC	Loops_sdGDC_SC
0	T0950TS324_2	324s	38.52	100.0			3.67	3.67	22.44		11.45	18.37	11.871	12.163	342.0	5.0	0.0	0.0	33.63	54.68			4.24	4.24	56.14	36.226	2.43	24.72	17.1	300.0	8.4	3.5	0.55	70.61	0.58	0.61	0.89	0.57	0.79	85.5	6.35	78.01	73.24	0.59	1958.8	7.79	75.82	0.26	33.34	17.19	2.85	89.74	47.278499999999994		FM	Template-based	4k1pA	-0.15326	-59.2	0.043827169989806736	0.45992794567757717	0.01782	40.2	0.07577362287348524	0.4912293624008364	2	-0.09544	0.18602	-3.6	3.6	0.16413	0.01276	0.56074	0.06023	77.055	7.945	59.485	8.015	51.305	7.245
1	T0950TS324_1	324s	36.84	100.0	2.88	2.88	3.4	3.4	20.91	3.07	10.31	16.96	12.868	13.151	342.0	0.0	0.0	0.0	32.16	51.46	3.51	3.51	4.03	4.03	53.22	34.017	2.46	23.56	17.5	306.0	10.7	3.54	0.56	71.93	0.59	0.62	0.9	0.57	0.79	86.1	6.23	76.43	73.65	0.56	1994.1	7.27	77.27	0.27	37.99	16.56	4.84	89.74	47.278499999999994		FM	Template-based	4k1pA	-0.12945	-59.2	0.03925482998929604	0.45927263879287233	0.01782	40.2	0.07577362287348524	0.4912293624008364	2	-0.17044	0.23266	-3.6	3.6	0.15255	0.01701	0.42243	0.05786	75.885	14.115	58.825	16.175	49.36	14.28
2	T0950TS324_5	324s	36.26	100.0			3.31	3.31	20.47		9.83	16.79	15.046	15.391	342.0	6.0	0.0	0.0	28.65	51.17			3.54	3.54	52.05	33.814	2.51	21.87	16.9	301.0	12.3	3.57	0.54	68.28	0.58	0.61	0.9	0.6	0.78	72.2	6.23	74.05	72.6	0.55	1939.8	7.08	78.3	0.26	34.2	18.44	3.7	88.32	47.278499999999994		FM	Template-based	4k1pA	-0.16238	-59.2	0.048336936362636064	0.47876710011719115	0.01782	40.2	0.07577362287348524	0.4912293624008364	2	-0.19235	0.27909	-3.6	3.6	0.17008	0.02038	0.3974	0.01815	68.165	9.335	50.37	12.13	40.035	9.235
3	T0950TS324_4	324s	35.53	100.0			3.19	3.19	20.18		9.19	16.5	28.218	28.369	342.0	3.0	0.0	0.0	32.75	50.0			4.12	4.12	50.88	33.457	2.46	20.83	15.5	287.0	19.5	3.61	0.55	70.47	0.58	0.61	0.71	0.51	0.78	75.1	6.11	58.61	72.71	0.53	1836.0	7.03	78.86	0.28	42.97	17.19	2.85	89.46	47.278499999999994		FM	Template-based	4k1pA	-0.14346	-59.2	0.042346459615214896	0.47633044352503595	0.01782	40.2	0.07577362287348524	0.4912293624008364	2	0.00553	0.14372	-3.6	3.6	0.13038	0.03232	0.54114	0.06536	75.0	0.0	59.41	0.59	49.3	0.75
4	T0950TS324_3	324s	34.14	100.0			2.97	2.97	19.15		8.23	14.8	21.565	21.799	342.0	5.0	0.0	0.0	24.85	47.08			3.01	3.01	47.37	29.366	2.48	20.18	16.1	289.0	15.0	3.46	0.53	68.13	0.58	0.61	0.8	0.58	0.77	62.7	6.11	67.52	72.8	0.52	1851.0	11.05	81.96	0.26	36.61	16.88	2.56	92.02	47.278499999999994		FM	Template-based	4k1pA	-0.16067	-59.2	0.04506859311040956	0.46414379812463696	0.01782	40.2	0.07577362287348524	0.4912293624008364	2	-0.30495	0.04018	-3.6	3.6	0.14769	0.04317	0.41089	0.05739	73.53	1.47	57.94	2.06	48.38	2.71
5	T0950TS145_2	145s	33.55	100.0			2.88	2.88	20.03		6.64	13.06	9.101	9.764	342.0	0.0	0.0	0.0	0.0	0.29			-0.47	-0.47	41.81	29.222	2.32	17.59	10.9	262.0	9.2	3.73	0.49	62.13	0.55	0.56	0.83	0.61	0.7	80.1	6.81	69.01	73.93	0.51	1382.2	12.58	76.17	0.2	31.29	22.5	11.4	80.63	47.278499999999994		FM	Template-based	1qoy_A	-0.22085	-59.2	0.07473483524474243	0.4962499026160947	0.01705	40.2	0.08158295927767094	0.44916683265670637	2	-0.3569	0.34717	-3.6	3.6	0.23894	0.05579	0.48254	0.05226	69.115	5.885	52.06	7.94	41.39	5.88
6	T0950TS368_1	368s	33.26	100.0	2.38	2.38	2.83	2.83	18.57	2.41	9.97	14.78	29.845	29.994	342.0	2.0	0.0	0.0	28.36	38.6	3.03	3.03	3.5	3.5	56.43	38.574	2.36	15.77	11.4	216.0	3.2	1.06	0.46	54.68	0.56	0.49	0.56	0.85	0.8	73.9	6.47	51.1	66.24	0.46	1364.9	13.9	49.62	0.21	0.86	0.0	0.85	95.73	47.278499999999994		FM	Free-model	NA	-0.00917	-29.1	0.0685029156593132	0.3601827639278271					2	0.06802	0.23329	11.3	18.5	0.20302	0.06169	0.40426	0.0232	65.0	15.0	50.365	12.135	41.7	11.75
7	T0950TS221_1	221s	28.14	100.0	1.67	1.67	2.02	2.02	14.77	1.34	5.57	10.66	26.603	26.857	342.0	4.0	0.0	0.0	4.39	34.5	0.04	0.04	0.14	0.14	42.98	26.288	2.58	12.92	9.5	223.0	5.7	3.18	0.45	54.24	0.51	0.49	0.54	0.92	0.77	62.8	5.6	49.3	63.65	0.44	1183.7	15.45	80.83	0.18	87.99	2.5	2.28	92.59	47.278499999999994		FM	Template-based	4k1pA	-0.13832	-59.2	0.07368673549283675	0.4121720187467549	0.01782	40.2	0.07577362287348524	0.4912293624008364	2	0.14085	0.22218	46.35	53.55	0.19114	0.0342	0.39357	0.05809	67.205	12.795	51.615	13.385	44.245	12.485
8	T0950TS116_4	116s	27.92	100.0			1.99	1.99	16.3		6.27	10.9	29.911	30.014	342.0	22.0	0.0	0.0	9.36	19.3			0.84	0.84	51.46	34.182	2.27	14.22	12.3	225.0	9.1	3.54	0.43	50.59	0.53	0.45	0.39	1.01	0.77	71.4	6.23	49.95	68.92	0.4	1555.2	18.98	72.87	0.15	138.36	6.56	1.99	95.44	47.278499999999994		FM	Template-based	4k1pA	-0.09575	-59.2	0.05373690085357505	0.49228072264599076	0.01782	40.2	0.07577362287348524	0.4912293624008364	2	0.01845	0.13115	-3.6	3.6	0.1914	0.03942	0.46206	0.02323	63.9	3.6	47.06	2.94	38.0	1.64
9	T0950TS116_1	116s	27.7	100.0	1.6	1.6	1.95	1.95	15.13	1.44	6.44	10.88	29.241	29.415	342.0	3.0	0.0	0.0	10.82	23.1	0.84	0.84	1.04	1.04	55.26	35.165	2.39	10.84	10.8	179.0	2.8	3.47	0.4	42.84	0.49	0.4	0.38	1.23	0.75	59.9	6.11	47.78	59.93	0.42	1153.9	31.4	72.27	0.14	130.46	4.69	1.42	94.3	47.278499999999994		FM	Template-based	4k1pA	0.00021	8.899999999999991	0.1008086060947538	0.5021229916198126	0.01782	40.2	0.07577362287348524	0.4912293624008364	2	0.10094	0.1726	-0.95	6.25	0.22658	0.02472	0.56977	0.10935	55.295	9.705	38.455	9.045	30.935	8.155
10	T0950TS145_1	145s	27.41	100.0	1.56	1.56	1.91	1.91	14.77	1.34	4.91	9.36	15.417	15.751	342.0	0.0	0.0	0.0	14.62	38.3	1.32	1.32	1.58	1.58	40.64	28.75	2.44	17.33	13.1	264.0	8.4	3.34	0.52	65.79	0.58	0.6	0.79	0.46	0.74	88.7	5.73	68.9	77.01	0.44	1543.4	11.17	65.71	0.25	17.88	21.25	3.13	88.6	47.278499999999994		FM	Template-based	1qoy_A	-0.14278	-59.2	0.05893542138726357	0.4797870633635533	0.01705	40.2	0.08158295927767094	0.44916683265670637	2	-0.26572	0.00515	-3.6	3.6	0.20147	0.0092	0.4829	0.02483	72.06	2.94	56.25	6.25	44.48	5.34
11	T0950TS261_1	261s	27.19	100.0	1.53	1.53	1.87	1.87	14.4	1.23	5.81	9.46	15.398	15.751	342.0	0.0	0.0	0.0	14.62	37.43	1.32	1.32	1.58	1.58	40.64	28.1	2.34	15.77	11.2	248.0	9.1	3.4	0.52	65.5	0.57	0.59	0.79	0.48	0.73	76.6	5.6	68.16	75.69	0.44	1414.0	11.9	66.13	0.25	16.16	23.44	5.98	85.47	47.278499999999994		FM	Template-based	1qoy_A	-0.16848	-59.2	0.06521876663877317	0.48707073038745347	0.01705	40.2	0.08158295927767094	0.44916683265670637	2	-0.18373	0.10448	-3.6	3.6	0.22174	0.01631	0.42329	0.05881	72.06	2.94	53.75	3.75	43.085	4.365
12	T0950TS261_3	261s	26.9	100.0			1.82	1.82	17.18		6.14	10.06	21.082	21.298	342.0	0.0	0.0	0.0	0.0	0.0			-0.47	-0.47	33.92	24.453	2.38	12.27	9.2	234.0	13.6	3.45	0.49	61.4	0.55	0.55	0.72	0.76	0.64	79.0	4.25	54.01	71.8	0.39	1147.4	14.24	71.53	0.22	18.39	23.12	8.26	85.19	47.278499999999994		FM	Template-based	1qoy_A	-0.26126	-59.2	0.07264376105329859	0.48072243104007545	0.01705	40.2	0.08158295927767094	0.44916683265670637	2	-0.13667	0.14479	-3.6	3.6	0.20391	0.01254	0.43999	0.11672	71.105	6.395	54.78	7.72	44.58	5.97
13	T0950TS337_5	337s	25.66	100.0			1.63	1.63	14.77		6.07	11.4	30.235	30.342	342.0	1.0	0.0	0.0	6.73	18.71			0.47	0.47	41.81	28.448	2.54	9.81	10.5	216.0	5.5	3.68	0.42	48.98	0.5	0.43	0.49	0.9	0.76	68.5	5.33	44.35	61.41	0.36	1280.2	17.59	77.57	0.17	160.36	5.0	3.13	92.02	47.278499999999994		FM	Free-model	NA	-0.05166	-59.2	0.09328678487724255	0.5050481004937618					2	0.04876	0.30425	46.35	53.55	0.21325	0.0609	0.40745	0.02488	65.735	14.265	48.16	14.34	40.335	13.485
14	T0950TS498_4	498s	25.51	100.0			1.6	1.6	14.98		6.12	10.29	37.974	38.184	342.0	5.0	0.0	0.0	19.3	32.16			2.23	2.23	32.75	23.811	2.16	14.35	9.9	270.0	35.8	3.72	0.51	60.67	0.56	0.58	0.46	0.85	0.67	74.7	5.6	51.22	69.28	0.39	1222.5	18.6	79.86	0.26	32.83	23.12	5.13	83.76	47.278499999999994		FM	Free-model	NA	-0.20026	-59.2	0.05517975114840869	0.48468354208879005					2	0.00523	0.31792	43.35	50.55	0.16807	0.03694	0.49861	0.05088	79.705	0.295	63.605	1.105	54.05	0.6
15	T0950TS145_5	145s	24.2	100.0			1.4	1.4	13.52		4.2	5.38	27.787	27.987	342.0	0.0	0.0	0.0	7.89	27.49			0.63	0.63	55.85	36.789	2.31	9.16	10.6	220.0	4.0	3.71	0.42	46.64	0.5	0.45	0.53	0.93	0.76	60.1	5.73	51.81	64.92	0.39	1358.8	18.63	75.48	0.17	25.79	20.0	17.09	71.79	47.278499999999994		FM	Template-based	1qoy_A	-0.23046	-59.2	0.12110955774168944	0.5080886083883431	0.01705	40.2	0.08158295927767094	0.44916683265670637	2	-0.24278	0.25272	-3.6	3.6	0.33698	0.02449	0.5467	0.05689	70.365	7.135	53.31	9.19	44.805	9.195
16	T0950TS116_3	116s	24.2	100.0			1.4	1.4	16.3		5.38	11.04	31.266	31.542	342.0	0.0	0.0	0.0	5.26	32.46			0.26	0.26	49.12	31.146	2.48	7.08	10.8	207.0	4.1	3.37	0.36	34.94	0.48	0.38	0.39	1.22	0.67	62.1	5.46	40.41	59.03	0.34	1384.4	53.34	78.74	0.13	118.43	3.75	1.99	94.02	47.278499999999994		FM	Template-based	5j65A	-0.00486	11.5	0.09557684115141339	0.47869471104253414	0.01596	34.89999999999999	0.07053823681241515	0.4132178587979822	2	0.13925	0.17074	18.75	25.55	0.17036	0.01344	0.44901	0.00236	60.735	9.265	45.365	7.135	35.685	5.955
17	T0950TS498_2	498s	24.12	100.0			1.38	1.38	14.11		5.3	9.29	37.484	37.721	342.0	6.0	0.0	0.0	19.59	31.87			2.27	2.27	34.5	22.014	2.47	13.7	5.4	207.0	33.9	3.83	0.5	61.11	0.56	0.56	0.48	0.98	0.64	73.6	5.33	48.7	69.56	0.38	759.3	13.41	80.11	0.25	52.43	17.19	7.41	82.62	47.278499999999994		FM	Free-model	NA	-0.20502	-59.2	0.05415121353836332	0.46761201820937875					2	-0.12639	0.03676	-3.6	3.6	0.14149	0.00985	0.41867	0.06583	79.705	0.295	63.385	1.615	53.135	1.045
18	T0950TS261_2	261s	23.83	100.0			1.34	1.34	13.23		3.95	5.17	27.734	27.91	342.0	0.0	0.0	0.0	8.19	26.9			0.68	0.68	54.97	37.655	2.25	7.99	11.2	218.0	3.5	3.75	0.42	46.2	0.51	0.46	0.53	0.92	0.75	55.8	5.73	51.45	63.54	0.39	1348.6	19.54	75.57	0.17	25.96	20.94	18.52	70.09	47.278499999999994		FM	Template-based	1qoy_A	-0.25914	-59.2	0.11974927814757572	0.4962870235001998	0.01705	40.2	0.08158295927767094	0.44916683265670637	2	-0.24653	0.35748	-3.6	3.6	0.25227	0.06924	0.52518	0.09439	70.365	7.135	53.31	9.19	43.705	8.845
19	T0950TS116_2	116s	23.83	100.0			1.34	1.34	17.4		5.97	12.48	40.641	41.131	342.0	2.0	0.0	0.0	0.0	0.0			-0.47	-0.47	39.77	29.444	2.47	3.58	9.3	221.0	6.5	3.34	0.39	40.2	0.52	0.44	0.16	1.66	0.51	68.5	5.33	36.25	66.83	0.3	1131.9	83.5	78.05	0.15	91.97	3.75	4.56	92.31	47.278499999999994		FM	Template-based	1qoyA	-0.01828	-57.5	0.08334436089593972	0.47640876220571604	0.01705	40.2	0.08158295927767094	0.44916683265670637	2	0.0277	0.0212	-2.5	2.5	0.2107	0.03773	0.43851	0.1343	60.955	6.545	44.85	5.15	35.65	3.99
20	T0950TS246_4	246s	23.68	100.0			1.31	1.31	13.08		1.84	4.03	30.113	30.251	342.0	0.0	0.0	0.0	1.17	6.14			-0.31	-0.31	53.22	34.773	2.38	8.51	10.9	231.0	16.9	3.16	0.36	35.09	0.49	0.37	0.42	1.01	0.76	64.2	6.11	45.52	59.89	0.35	1408.9	31.93	78.3	0.13	105.36	3.12	0.57	95.73	47.278499999999994		FM	Template-based	4k1pA	-0.01156	-38.400000000000006	0.09000309406110078	0.4663980954346678	0.01782	40.2	0.07577362287348524	0.4912293624008364	2	0.14664	0.1423	16.9	10.2	0.2599	0.01973	0.464	0.03439	59.045	13.455	45.66	11.84	36.385	9.435
21	T0950TS246_5	246s	23.68	100.0			1.31	1.31	13.08		1.84	4.03	30.113	30.251	342.0	0.0	0.0	0.0	1.17	6.14			-0.31	-0.31	53.22	34.773	2.38	8.51	10.9	231.0	16.9	3.16	0.36	35.09	0.49	0.37	0.42	1.01	0.76	64.2	6.11	45.52	59.89	0.35	1408.9	31.93	78.3	0.13	105.36	3.12	0.57	95.73	47.278499999999994		FM	Template-based	4k1pA	-0.01156	-38.400000000000006	0.09000309406110078	0.4663980954346678	0.01782	40.2	0.07577362287348524	0.4912293624008364	2	0.14664	0.1423	16.9	10.2	0.2599	0.01973	0.464	0.03439	59.045	13.455	45.66	11.84	36.385	9.435
22	T0950TS246_1	246s	23.46	100.0	1.01	1.01	1.28	1.28	13.01	0.84	3.17	5.03	29.886	30.124	342.0	0.0	0.0	0.0	0.29	6.43	-0.48	-0.48	-0.43	-0.43	54.09	36.508	2.27	9.81	11.5	201.0	3.3	2.45	0.33	35.82	0.51	0.39	0.4	0.93	0.75	63.8	6.11	44.15	61.11	0.35	1376.1	38.98	74.98	0.13	49.85	0.62	1.42	96.01	47.278499999999994		FM	Free-model	NA	-0.04775	-59.2	0.08501395746116233	0.4244541959247262					2	0.09171	0.13181	-3.6	3.6	0.25765	0.03324	0.45134	0.02498	60.295	14.705	46.175	13.825	36.415	10.315
23	T0950TS498_1	498s	23.03	100.0	0.95	0.95	1.21	1.21	12.72	0.76	5.64	8.75	37.326	37.478	342.0	3.0	0.0	0.0	17.25	28.65	1.64	1.64	1.94	1.94	31.58	21.014	2.36	13.18	7.6	227.0	37.6	3.7	0.49	61.55	0.56	0.57	0.48	1.01	0.67	69.9	5.46	48.99	68.55	0.38	986.5	13.6	82.16	0.25	38.84	20.31	3.13	86.32	47.278499999999994		FM	Free-model	NA	-0.19692	-59.2	0.053780147062655395	0.5124154016593157					2	-0.16894	0.21172	-3.6	3.6	0.14653	0.00127	0.41335	0.01049	77.94	2.94	64.34	1.84	52.085	2.995
24	T0950TS498_5	498s	22.95	100.0			1.2	1.2	13.09		4.98	8.06	35.36	35.601	342.0	5.0	0.0	0.0	14.62	26.32			1.58	1.58	29.82	20.741	2.3	12.79	5.6	210.0	33.0	3.79	0.49	59.8	0.55	0.57	0.48	0.91	0.65	71.4	5.33	48.88	68.89	0.36	779.2	13.73	82.35	0.25	40.23	20.94	5.13	82.05	47.278499999999994		FM	Free-model	NA	-0.20342	-59.2	0.052987415718759874	0.5127730208003597					2	0.02272	0.27712	-0.55	6.65	0.15558	0.04309	0.46188	0.03586	79.93	2.43	63.09	3.09	53.515	2.425
25	T0950TS498_3	498s	22.59	100.0			1.14	1.14	13.45		5.34	9.27	37.18	37.445	342.0	4.0	0.0	0.0	18.42	29.53			2.11	2.11	33.04	20.801	2.46	12.79	5.4	145.0	12.6	3.95	0.51	59.8	0.55	0.56	0.53	0.99	0.62	55.7	5.04	49.53	68.19	0.36	569.2	11.48	81.11	0.24	61.54	23.12	4.84	85.19	47.278499999999994		FM	Free-model	NA	-0.19942	-59.2	0.04952734495990431	0.517269482636712					2	-0.23278	0.01238	-3.6	3.6	0.13457	0.02438	0.4855	0.02347	81.175	1.175	64.335	1.835	54.38	2.2
26	T0950TS145_3	145s	22.52	100.0			1.13	1.13	13.45		5.62	9.72	35.899	36.267	342.0	0.0	0.0	0.0	20.18	28.36			2.35	2.35	28.95	21.043	2.38	12.79	7.6	177.0	13.4	4.65	0.45	62.87	0.5	0.56	0.54	0.83	0.66	47.2	4.25	42.51	68.01	0.34	809.5	12.81	82.0	0.23	117.78	36.56	23.08	58.12	47.278499999999994		FM	Template-based	1qoy_A	-0.552	-59.2	0.13551360901534856	0.5351187966165509	0.01705	40.2	0.08158295927767094	0.44916683265670637	2	-0.53837	0.13565	-3.6	3.6	0.28202	0.00167	0.44873	0.08163	69.335	3.165	51.03	3.97	40.065	2.845
27	T0950TS261_5	261s	22.52	100.0			1.13	1.13	13.38		5.87	10.25	36.334	36.645	342.0	0.0	0.0	0.0	19.3	28.36			2.23	2.23	29.24	20.62	2.22	12.27	7.6	220.0	28.0	4.42	0.47	62.87	0.52	0.56	0.51	0.98	0.65	71.1	3.89	43.12	71.89	0.34	986.9	12.57	81.89	0.23	94.38	31.56	17.66	69.52	47.278499999999994		FM	Template-based	1qoy_A	-0.41632	-59.2	0.1028937738843563	0.5374043102778094	0.01705	40.2	0.08158295927767094	0.44916683265670637	2	-0.50802	0.16994	-3.6	3.6	0.27466	0.02548	0.58793	0.12281	73.305	4.195	55.735	4.265	43.375	2.625
28	T0950TS116_5	116s	22.0	100.0			1.05	1.05	16.16		4.62	10.85	40.93	41.404	342.0	24.0	0.0	0.0	0.0	0.0			-0.47	-0.47	34.5	26.143	2.3	4.23	8.7	171.0	4.5	3.44	0.36	41.08	0.52	0.46	0.17	1.63	0.52	72.9	5.6	34.78	68.19	0.28	848.9	90.59	79.61	0.15	109.68	6.25	3.42	95.16	47.278499999999994		FM	Template-based	1qoyA	-0.12246	-59.2	0.05379597896155839	0.5013313231202631	0.01705	40.2	0.08158295927767094	0.44916683265670637	2	0.06519	0.15571	-3.6	3.6	0.22042	0.05914	0.41849	0.01468	61.69	5.81	44.115	5.885	35.165	4.475
29	T0950TS156_1	156s	21.64	100.0	0.76	0.76	0.99	0.99	12.35	0.65	4.98	8.18	28.583	28.84	342.0	0.0	0.0	0.0	16.08	27.49	1.5	1.5	1.78	1.78	50.88	33.216	2.39	9.03	9.5	205.0	3.6	1.5	0.34	29.97	0.49	0.35	0.31	1.19	0.65	55.5	5.73	37.74	55.0	0.35	1172.1	71.8	49.07	0.13	1.89	0.0	3.13	90.03	47.278499999999994		FM	Template-based	4K1P_D	-0.05034	-59.0	0.09459827822582821	0.371439124915777	0.01129	30.799999999999997	0.06253671511544974	0.47801893300558407	2	-0.00614	0.15407	-3.6	3.6	0.15932	0.00086	0.38044	0.02419	63.68	6.32	48.09	6.91	38.395	5.245
30	T0950TS156_2	156s	21.56	100.0			0.98	0.98	12.35		5.92	8.64	28.42	28.7	342.0	0.0	0.0	0.0	6.43	14.62			0.43	0.43	51.75	32.75	2.38	12.4	9.1	210.0	9.4	1.71	0.34	29.97	0.49	0.35	0.31	1.18	0.66	48.7	5.73	38.4	55.2	0.35	1225.0	70.46	51.45	0.13	3.44	0.0	1.99	89.17	47.278499999999994		FM	Template-based	4K1P_D	-0.08529	-59.2	0.09536224330779113	0.3553770382151023	0.01129	30.799999999999997	0.06253671511544974	0.47801893300558407	2	-0.12715	0.17877	-3.6	3.6	0.16033	0.01702	0.34754	0.06147	64.19	8.31	47.135	10.365	37.065	7.115
31	T0950TS156_5	156s	21.27	100.0			0.93	0.93	11.99		5.77	8.36	28.446	28.692	342.0	0.0	0.0	0.0	17.25	27.78			1.94	1.94	51.17	32.864	2.39	11.49	9.7	207.0	3.7	1.55	0.34	30.41	0.49	0.36	0.32	1.17	0.65	50.7	5.73	38.28	55.32	0.34	1185.1	70.62	49.46	0.14	2.23	0.31	1.99	90.03	47.278499999999994		FM	Template-based	4K1P_D	-0.06171	-59.2	0.0925402737586717	0.37044192551859517	0.01129	30.799999999999997	0.06253671511544974	0.47801893300558407	2	-0.01028	0.04446	-3.6	3.6	0.14351	0.00282	0.37867	0.0961	61.47	8.53	45.88	9.12	36.095	7.545
32	T0950TS156_4	156s	21.27	100.0			0.93	0.93	12.36		5.78	8.56	28.561	28.811	342.0	0.0	0.0	0.0	16.67	26.61			1.86	1.86	50.58	34.219	2.33	15.38	9.2	217.0	20.8	1.52	0.34	29.24	0.5	0.35	0.31	1.17	0.66	52.8	4.42	37.2	54.73	0.34	1169.6	72.19	51.45	0.14	1.89	0.0	3.13	89.17	47.278499999999994		FM	Template-based	4K1P_D	-0.05837	-59.2	0.10015261891464604	0.3823566034127744	0.01129	30.799999999999997	0.06253671511544974	0.47801893300558407	2	0.03677	0.21209	-3.6	3.6	0.19896	0.00882	0.37023	0.02592	65.44	9.56	48.6	8.9	38.435	7.745
33	T0950TS156_3	156s	21.13	100.0			0.91	0.91	12.21		5.56	8.15	28.543	28.786	342.0	0.0	0.0	0.0	16.67	27.19			1.86	1.86	53.51	33.459	2.48	9.16	9.7	173.0	3.1	1.58	0.34	30.7	0.5	0.35	0.31	1.17	0.65	53.5	4.42	38.11	56.17	0.34	1030.4	69.34	48.22	0.13	2.58	0.31	1.99	90.31	47.278499999999994		FM	Template-based	4K1P_D	-0.07328	-59.2	0.09202787700519928	0.39853380268368904	0.01129	30.799999999999997	0.06253671511544974	0.47801893300558407	2	0.07611	0.19184	-2.75	4.45	0.22856	0.01873	0.46306	0.04236	65.955	11.545	48.385	11.615	39.5	9.77
34	T0950TS368_3	368s	21.13	100.0			0.91	0.91	14.33		5.92	9.61	42.251	42.637	342.0	1.0	0.0	0.0	19.59	21.93			2.27	2.27	39.47	31.033	2.08	8.25	6.3	169.0	3.5	0.83	0.36	35.38	0.54	0.41	0.1	1.22	0.64	81.6	4.89	41.01	66.16	0.29	820.9	351.83	45.13	0.13	0.69	0.0	0.28	97.44	47.278499999999994		FM	Free-model	NA	0.00122	-26.200000000000003	0.05584888917021915	0.4169548908759338					2	0.03996	0.25534	-1.0	6.2	0.14586	0.00056	0.31302	0.12704	74.045	3.455	58.455	4.045	48.61	4.12
35	T0950TS441_5	441s	20.83	100.0			0.86	0.86	11.84		4.52	8.38	28.989	29.22	342.0	0.0	0.0	0.0	7.89	16.67			0.63	0.63	52.05	32.738	2.48	11.88	9.8	224.0	13.1	3.4	0.32	29.09	0.47	0.34	0.32	1.18	0.65	49.4	4.89	37.33	52.84	0.33	1243.4	70.09	79.63	0.12	81.3	4.69	3.13	91.17	47.278499999999994		FM	Free-model	NA	-0.04393	-58.7	0.11403660453308535	0.46175910443230184					2	0.06095	0.0768	-1.65	1.65	0.18693	0.02265	0.4884	0.04031	61.47	8.53	43.9	8.6	36.815	7.185
36	T0950TS164_5	164s	20.03	100.0			0.74	0.74	14.54		7.26	9.78	121.471	122.041	342.0	0.0	0.0	0.0	0.0	0.0			-0.47	-0.47	24.27	22.747	1.63	7.86	3.2	106.0	15.9	2.03	0.28	26.02	0.53	0.43	0.3	2.31	0.54	62.8	5.04	31.38	63.65	0.25	338.4	8598.87	69.47	0.12	19.08	0.0	1.42	96.3	47.278499999999994		FM	Template-based	5j1iA	-0.03498	-59.2	0.06557746283188484	0.3754183432646496	0.00824	40.8			2	0.08582	0.29831	46.4	53.6	0.19505	0.00613	0.36112	0.02573	66.105	1.395	47.795	2.205	38.12	0.79
37	T0950TS246_2	246s	19.96	100.0			0.72	0.72	10.67		3.22	5.55	29.017	29.23	342.0	1.0	0.0	0.0	4.09	21.35			0.1	0.1	45.61	28.99	2.48	11.49	11.6	221.0	4.2	3.46	0.36	35.97	0.49	0.38	0.4	1.12	0.73	59.9	5.86	43.0	60.36	0.31	1394.2	41.15	73.8	0.13	121.52	5.0	1.42	94.3	47.278499999999994		FM	Template-based	4k1pA	-0.05056	-58.900000000000006	0.09175074451121157	0.5008414802514716	0.01782	40.2	0.07577362287348524	0.4912293624008364	2	0.1269	0.15372	-2.35	3.85	0.24767	0.01328	0.49578	0.04932	61.765	13.235	46.91	13.09	37.0	9.73
38	T0950TS124_3	124s	19.66	100.0			0.68	0.68	13.45		2.17	8.94	34.941	35.427	342.0	0.0	0.0	0.0	12.87	25.15			1.33	1.33	26.9	20.721	2.04	9.81	4.7	120.0	7.0	2.86	0.4	44.74	0.54	0.46	0.39	1.16	0.52	78.5	5.33	39.35	68.08	0.28	522.3	37.32	79.39	0.17	108.46	2.5	1.14	97.72	47.278499999999994		FM	Template-based	4kip_C	0.0186	38.89999999999999	0.05134617387000226	0.511453482098061					2	0.10657	0.15284	-3.6	3.6	0.15443	0.00448	0.46853	0.01211	78.015	4.485	63.165	4.335	54.17	4.01
39	T0950TS124_2	124s	18.71	100.0			0.53	0.53	12.94		2.27	8.05	35.308	35.803	342.0	0.0	0.0	0.0	0.0	0.0			-0.47	-0.47	28.36	19.064	2.48	7.99	5.3	139.0	6.0	3.13	0.39	45.47	0.52	0.45	0.38	1.25	0.51	72.5	4.42	38.83	66.92	0.26	572.5	34.37	81.24	0.14	127.36	3.44	0.57	97.15	47.278499999999994		FM	Template-based	4kip_C	0.01777	38.8	0.053381062155042826	0.5014372809776875					2	0.15675	0.17182	-1.85	1.85	0.1633	0.0017	0.54976	0.03435	82.5	7.5	66.18	8.82	54.335	7.485
40	T0950TS124_1	124s	18.35	100.0	0.3	0.3	0.47	0.47	12.64	0.74	2.18	7.81	35.712	36.307	342.0	0.0	0.0	0.0	0.0	3.8	-0.51	-0.51	-0.47	-0.47	26.02	18.698	2.1	7.6	5.1	220.0	35.4	3.26	0.39	43.71	0.52	0.44	0.39	1.23	0.51	76.9	4.58	39.49	67.44	0.26	730.8	35.0	81.34	0.14	125.64	5.94	1.71	97.44	47.278499999999994		FM	Template-based	4kip_C	0.01329	37.0	0.050579882077971386	0.5515921063467695					2	0.11436	0.11108	-0.9	0.9	0.16323	0.00246	0.55643	0.00376	80.515	6.985	64.19	8.31	53.015	7.345
41	T0950TS023_5	023s	18.2	100.0			0.45	0.45	12.06		1.72	5.56	26.012	26.462	342.0	0.0	0.0	0.0	0.0	9.06			-0.47	-0.47	41.81	30.975	2.36	6.82	8.6	153.0	6.4	3.34	0.3	24.85	0.48	0.35	0.19	1.58	0.5	56.0	5.86	33.6	58.73	0.24	786.2	171.57	82.62	0.09	100.9	5.31	1.14	95.44	47.278499999999994		FM	Free-model	NA	-0.00651	12.200000000000003	0.08446684064716986	0.5098753338835249					2	0.17063	0.17076	47.3	49.9	0.16713	0.02225	0.6112	0.0761	71.03	1.03	54.19	1.69	42.64	1.0
42	T0950TS058_3	058s	18.2	100.0			0.45	0.45	12.06		2.85	6.01	26.012	26.384	342.0	0.0	0.0	0.0	0.0	9.06			-0.47	-0.47	41.81	30.975	2.36	6.82	8.1	194.0	6.2	2.57	0.3	25.15	0.49	0.34	0.19	1.58	0.5	56.0	5.86	33.6	58.73	0.24	961.1	171.57	65.87	0.09	60.5	0.0	1.14	95.44	47.278499999999994		FM	Free-model	NA	-0.00651	12.200000000000003	0.08446684064716986	0.3996622664912618					2	0.17063	0.17076	47.3	49.9	0.16713	0.02225	0.40422	0.02167	71.03	1.03	54.19	1.69	42.64	1.0
43	T0950TS488_3	488s	17.98	100.0			0.41	0.41	13.09		3.41	5.6	35.61	36.037	342.0	1.0	0.0	0.0	0.0	0.0			-0.47	-0.47	28.36	24.513	1.82	5.52	8.3	116.0	27.5	0.9	0.35	32.6	0.55	0.43	0.16	1.42	0.57	93.0	4.89	36.35	65.75	0.23	604.9	222.53		0.16	0.52	0.0	0.57	96.58	47.278499999999994		FM	Template-based	2c2j_A	0.0274	39.8	0.047384062910910574	0.38097538752594795	0.04099	36.099999999999994	0.090040433077491	0.5186553003667042	2	0.11584	0.15736	1.05	8.25	0.14364	0.01745	0.35805	0.07624	74.78	2.72	57.205	2.795	45.96	2.22
44	T0950TS402_2	402s	17.84	100.0			0.39	0.39	10.96		2.34	5.96	34.083	34.429	342.0	3.0	0.0	0.0	0.0	0.0			-0.47	-0.47	28.36	20.861	2.25	2.93	5.5	138.0	18.6	2.69	0.3	34.94	0.49	0.37	0.12	1.76	0.58	54.3	4.58	26.51	56.49	0.26	505.7	289.62		0.13	65.75	0.0	1.99	94.02	47.278499999999994		FM	Free-model	NA	-0.04249	-58.7	0.10455326107089416	0.40646169487013295					2	0.09894	0.12794	-2.45	2.45	0.17147	0.05496	0.39267	0.01644	73.09	6.91	56.765	8.235	48.66	8.98
45	T0950TS004_2	004s	17.62	100.0			0.35	0.35	9.57		3.36	5.75	26.838	27.39	342.0	0.0	0.0	0.0	0.58	33.04			-0.39	-0.39	35.96	27.115	1.99	4.1	7.8	113.0	2.5	1.04	0.31	29.09	0.47	0.34	0.3	1.61	0.54	42.1	5.86	33.75	54.46	0.29	583.2	266.73	29.29	0.1	0.0	1.88	0.28	95.16	47.278499999999994		FM	Template-based	5xei_A	-0.00901	-22.700000000000003	0.11045823723331834	0.40475166009358543	-0.039	-58.7	0.13717004310712294	0.5031643610341259	2	0.01506	0.10966	-3.6	3.6	0.24158	0.01246	0.43805	0.03198	58.235	6.765	41.91	8.09	32.87	6.77
46	T0950TS058_2	058s	17.4	100.0			0.32	0.32	11.33		1.9	4.78	25.535	25.922	342.0	0.0	0.0	0.0	11.11	15.79			1.08	1.08	39.47	31.669	2.29	6.95	7.4	174.0	5.9	2.5	0.3	25.0	0.49	0.34	0.2	1.56	0.49	57.0	5.33	33.97	58.66	0.22	914.6	167.03	66.85	0.09	56.2	0.0	0.57	96.01	47.278499999999994		FM	Free-model	NA	-0.00422	7.599999999999994	0.0843028396529913	0.41052569212912876					2	0.15028	0.159	19.1	23.8	0.16647	0.02209	0.34524	0.00943	71.03	1.03	53.455	0.955	42.155	0.515
47	T0950TS257_5	257s	16.96	100.0			0.25	0.25	10.46		2.28	6.67	112.469	113.15	342.0	2.0	0.0	0.0	0.29	3.8			-0.43	-0.43	24.85	17.48	2.43	7.47	2.6	125.0	53.9	1.75	0.3	27.05	0.53	0.41	0.32	2.47	0.58	67.5	5.19	30.73	62.08	0.24	393.3	6901.68	80.07	0.11	3.27	2.81	2.28	95.73	47.278499999999994		FM	Free-model	NA	-0.0097	15.200000000000003	0.06830138569393737	0.45600882276219185					2	-0.0153	0.07648	-3.6	3.6	0.22073	0.03916	0.44783	0.03933	69.855	5.145	53.53	6.47	44.61	5.57
48	T0950TS337_3	337s	16.81	100.0			0.22	0.22	11.48		2.42	7.05	32.067	32.46	342.0	0.0	0.0	0.0	0.0	0.0			-0.47	-0.47	37.72	24.124	2.37	3.58	4.6	179.0	8.4	2.91	0.3	27.92	0.48	0.38	0.1	1.57	0.57	63.4	5.86	39.32	60.6	0.24	673.1	396.63	85.53	0.1	80.78	2.81	1.42	96.87	47.278499999999994		FM	Free-model	NA	-0.05743	-59.0	0.06465023367062193	0.5148220025842599					2	0.00913	0.20358	-3.6	3.6	0.19063	0.03365	0.50816	0.00745	61.69	5.81	44.63	7.87	36.74	6.9
49	T0950TS149_1	149s	16.81	100.0	0.08	0.08	0.22	0.22	9.87	-0.05	3.52	6.44	21.037	21.412	342.0	1.0	0.0	0.0	0.0	0.0	-0.51	-0.51	-0.47	-0.47	28.65	17.754	2.54	6.43	5.8	125.0	14.2	3.38	0.36	41.81	0.5	0.45	0.45	1.12	0.57	58.4	5.04	42.62	60.95	0.28	474.0	93.75	71.68	0.17	110.88	4.38	0.57	94.3	47.278499999999994		FM	Template-based	1cii_a	-0.08199	-59.2	0.09807536870184172	0.5060619274586128					2	0.09593	0.18538	-3.6	3.6	0.22195	0.06497	0.55438	0.01931	62.28	15.22	45.44	14.56	37.68	12.87
50	T0950TS432_2	432s	16.3	100.0			0.14	0.14	9.14		3.57	6.6	26.884	27.233	342.0	1.0	0.0	0.0	2.05	10.53			-0.18	-0.18	36.84	24.509	2.48	5.14	6.7	213.0	25.8	3.39	0.29	25.59	0.43	0.31	0.21	1.72	0.52	49.1	5.99	34.12	51.18	0.27	890.2	274.31	37.54	0.08	102.44	5.0	1.99	94.3	47.278499999999994		FM	Template-based	3S84	-0.06513	-59.1	0.1172482402338582	0.4852291935906013	0.01249	37.2	0.05213076576328944	0.4958715729686241	2	0.10526	0.18026	-0.25	6.95	0.18701	0.05176	0.45735	0.03906	63.165	4.335	46.325	3.675	37.88	4.3
51	T0950TS160_3	160s	16.3	100.0			0.14	0.14	9.14		3.04	3.42	28.866	29.071	342.0	2.0	0.0	0.0	8.48	20.18			0.72	0.72	47.66	29.719	2.45	7.34	8.9	242.0	20.3	3.48	0.31	29.24	0.44	0.33	0.28	1.36	0.63	51.2	5.19	34.74	51.84	0.28	1120.3	82.82	66.99	0.1	112.91	4.06	1.99	91.45	47.278499999999994		FM	Template-based	1u4q_A	-0.04182	-58.5	0.13128757185702192	0.49452655101198495	-0.06092	-58.7			2	-0.03623	0.00469	-3.5	3.5	0.24953	0.02163	0.45986	0.03598	58.53	11.47	42.425	10.075	35.095	8.355
52	T0950TS470_1	470s	16.23	100.0	0.0	0.0	0.13	0.13	9.87	-0.05	4.59	6.66	27.027	27.361	342.0	0.0	0.0	0.0	0.29	4.68	-0.48	-0.48	-0.43	-0.43	33.92	25.934	2.12	5.26	6.4	187.0	9.3	1.92	0.3	27.78	0.48	0.33	0.21	1.57	0.56	47.5	5.86	34.66	55.77	0.27	763.8	276.68	23.15	0.1	10.66	0.62	1.42	94.59	47.278499999999994		FM	Template-based	3VKG	0.01159	17.5	0.0909499469165557	0.39588973845527087	-0.18815	-59.2			2	0.17135	0.16931	1.1	1.1	0.15965	0.02829	0.39794	0.02865	66.4	6.1	50.81	6.69	40.71	6.38
53	T0950TS023_4	023s	15.94	100.0			0.09	0.09	10.96		3.0	7.33	137.945	138.669	342.0	0.0	0.0	0.0	0.0	0.0			-0.47	-0.47	23.39	21.876	1.68	5.39	2.6	155.0	76.0	2.49	0.26	23.1	0.46	0.37	0.34	2.6	0.56	36.1	5.33	25.19	56.51	0.21	472.6	10326.25	81.91	0.09	49.53	2.19	0.28	97.72	47.278499999999994		FM	Free-model	NA	-0.00996	-45.400000000000006	0.09979668823795824	0.5033201806237718					2	0.17446	0.18094	1.75	1.75	0.19491	0.01142	0.47451	0.18588	64.635	2.865	47.795	2.205	38.6	0.85
54	T0950TS312_3	312s	15.94	100.0			0.09	0.09	12.43		3.18	7.34	58.809	59.1	342.0	0.0	0.0	0.0	0.0	1.46			-0.47	-0.47	33.63	23.006	2.46	4.36	5.9	106.0	3.4	3.91	0.25	23.83	0.47	0.34	0.0	1.83	0.51	59.7	5.33	23.74	56.5	0.2	459.7	1412.45		0.09	148.73	7.5	6.84	87.46	47.278499999999994		FM	Template-based	4D1E_A	-0.11341	-59.2	0.08875746726243722	0.43748955766243264	-0.13128	-59.2	0.11107345340859094	0.589904491960872	2	0.02314	0.23576	-3.5	3.7	0.23597	0.02221	0.48218	0.002	60.0	10.0	42.205	12.795	34.05	10.31
55	T0950TS402_5	402s	15.72	100.0			0.05	0.05	8.78		4.01	5.43	33.106	33.433	342.0	1.0	0.0	0.0	0.0	0.0			-0.47	-0.47	32.16	22.262	2.49	3.45	4.4	165.0	15.7	2.79	0.29	33.33	0.46	0.34	0.12	1.66	0.53	46.2	4.74	26.72	54.54	0.24	610.4	223.08		0.11	98.35	0.0	0.85	95.16	47.278499999999994		FM	Free-model	NA	-0.03722	-58.400000000000006	0.11472965464679225	0.42044957739747396					2	0.1598	0.13444	12.1	19.1	0.18862	0.03455	0.50758	0.06641	72.355	7.645	56.765	8.235	46.715	6.925
56	T0950TS149_3	149s	15.64	100.0			0.04	0.04	10.74		5.04	7.77	38.252	38.454	342.0	1.0	0.0	0.0	0.0	0.0			-0.47	-0.47	28.65	19.301	2.62	3.19	5.4	87.0	2.9	3.47	0.32	29.09	0.48	0.38	0.14	1.72	0.54	50.1	5.19	27.18	61.02	0.22	412.3	133.02	62.96	0.12	139.66	5.0	1.71	95.16	47.278499999999994		FM	Template-based	5h5m_b	0.0015	23.5	0.07884746137095495	0.5077337254463913					2	0.04878	0.00619	45.4	45.4	0.21055	0.0194	0.58621	0.04556	67.355	2.645	49.78	2.72	41.565	1.885
57	T0950TS243_3	243s	15.64	100.0			0.04	0.04	11.04		1.38	5.17	138.073	138.63	342.0	0.0	0.0	0.0	0.0	0.0			-0.47	-0.47	23.68	20.013	2.08	3.71	2.3	132.0	64.2	3.4	0.27	24.71	0.48	0.4	0.31	2.5	0.6	54.8	5.04	25.14	60.55	0.2	472.3	10585.21	84.18	0.09	76.14	6.56	0.57	93.45	47.278499999999994		FM	Free-model	NA	-0.01212	-50.900000000000006	0.06991040013867962	0.5214518523627514					2	0.17799	0.15908	3.8	3.8	0.17648	0.00913	0.55012	0.02875	64.635	2.865	47.795	2.205	38.86	1.32
58	T0950TS257_1	257s	15.57	100.0	-0.09	-0.09	0.03	0.03	10.67	0.18	3.78	7.85	108.56	109.135	342.0	3.0	0.0	0.0	0.0	0.0	-0.51	-0.51	-0.47	-0.47	20.47	17.756	1.94	6.3	3.0	81.0	39.1	2.03	0.29	24.12	0.52	0.4	0.31	2.46	0.5	70.4	4.89	28.88	61.51	0.21	172.7	6613.99	76.46	0.1	3.78	4.69	3.42	94.87	47.278499999999994		FM	Free-model	NA	-0.01888	-46.400000000000006	0.06803220167560566	0.46127069962816636					2	-0.03271	0.03081	-3.5	3.5	0.20961	0.01896	0.42813	0.03725	67.35	2.65	51.03	3.97	42.295	2.615
59	T0950TS041_3	041s	15.42	100.0			0.0	0.0	9.94		2.78	6.32	41.529	41.926	342.0	1.0	0.0	0.0	0.0	0.0			-0.47	-0.47	22.81	17.525	2.28	2.28	4.5	114.0	5.7	3.38	0.34	33.63	0.49	0.4	0.27	1.58	0.51	62.5	4.42	32.99	62.19	0.23	424.4	106.78		0.12	26.99	11.56	4.27	85.19	47.278499999999994		FM	Free-model	NA	-0.10487	-59.2	0.06080373896824137	0.49083145057437716					2	0.00494	0.10617	-3.6	3.6	0.16361	0.0376	0.50913	0.0275	66.18	8.82	50.59	9.41	41.05	7.68
60	T0950TS243_2	243s	15.35	100.0			-0.01	-0.01	10.23		2.08	6.82	138.59	139.141	342.0	0.0	0.0	0.0	0.0	0.0			-0.47	-0.47	23.39	21.644	1.69	3.19	2.7	127.0	64.2	2.81	0.26	23.54	0.46	0.37	0.35	2.67	0.53	42.5	5.6	23.42	56.55	0.19	405.5	10655.69	80.73	0.1	48.47	4.06	0.85	96.87	47.278499999999994		FM	Free-model	NA	0.00359	23.89999999999999	0.10016885397320366	0.4838765230711275					2	0.15228	0.16442	35.05	42.15	0.20296	0.01346	0.55969	0.00663	65.365	2.135	47.795	2.205	38.71	0.74
61	T0950TS312_2	312s	15.28	100.0			-0.02	-0.02	9.06		3.08	4.02	30.53	30.725	342.0	45.0	0.0	0.0	8.48	21.35			0.72	0.72	47.95	36.14	2.23	6.43	8.2	185.0	8.8	4.56	0.2	28.51	0.43	0.32	0.32	1.3	0.63	52.4	3.89	35.68	50.58	0.26	985.6	90.82		0.08	285.27	11.56	18.52	69.52	47.278499999999994		FM	Template-based	5KUC_A	-0.28905	-59.2	0.1450401628847303	0.44190581241168897	0.00736	18.39999999999999	0.07168457860178823	0.4030221121229062	2	-0.14829	0.32473	-3.6	3.6	0.26257	0.02876	0.52219	0.01614	66.69	10.81	48.38	11.62	40.0	11.45
62	T0950TS160_1	160s	15.06	100.0	-0.16	-0.16	-0.05	-0.05	9.79	-0.07	3.52	7.43	31.116	31.364	342.0	3.0	0.0	0.0	9.94	11.11	0.73	0.73	0.92	0.92	46.78	34.184	2.25	4.88	8.1	145.0	3.0	3.6	0.29	23.39	0.42	0.29	0.25	1.45	0.61	50.0	5.04	30.59	49.27	0.23	908.8	77.4	48.33	0.09	111.89	5.94	2.85	91.74	47.278499999999994		FM	Template-based	4l3i_A	-0.05209	-59.1	0.14056554295085738	0.4854921539999181	0.00643	-58.0	0.09387861347530138	0.44369703109124836	2	0.00239	0.0885	-3.6	3.6	0.18988	0.04577	0.43647	0.02393	60.515	11.985	44.41	10.59	35.63	7.82
63	T0950TS488_1	488s	15.06	100.0	-0.16	-0.16	-0.05	-0.05	11.55	0.43	1.97	4.75	44.779	45.057	342.0	4.0	0.0	0.0	0.0	0.58	-0.51	-0.51	-0.47	-0.47	27.78	19.044	2.51	3.32	5.5	146.0	27.1	1.45	0.29	24.71	0.5	0.34	0.03	1.87	0.53	47.3	5.04	29.75	57.4	0.19	517.6	328.1		0.11	1.89	0.0	3.7	91.74	47.278499999999994		FM	Template-based	2eox_A	-0.02764	-56.2	0.08402030730352075	0.4190066816069636	-0.19889	-59.2	0.25293564532406965	0.526705388085426	2	0.08664	0.17988	0.7	7.9	0.22668	0.01611	0.41533	0.04738	68.09	1.91	52.5	2.5	41.375	0.625
64	T0950TS041_1	041s	14.98	100.0	-0.17	-0.17	-0.07	-0.07	8.92	-0.32	2.42	5.44	42.491	42.832	342.0	0.0	0.0	0.0	0.0	0.0	-0.51	-0.51	-0.47	-0.47	22.81	18.001	2.22	7.08	3.6	125.0	8.0	3.04	0.37	36.84	0.51	0.43	0.27	1.44	0.5	77.0	5.46	34.08	65.41	0.24	421.2	100.04		0.11	16.68	8.75	4.27	88.03	47.278499999999994		FM	Free-model	NA	-0.08631	-59.2	0.05420516550490471	0.46805971504409116					2	-0.15251	0.22338	-3.6	3.6	0.15987	0.00262	0.45581	0.01951	59.705	5.295	43.385	6.615	35.46	6.9
65	T0950TS085_3	085s	14.91	100.0			-0.08	-0.08	10.02		2.4	5.77	48.718	49.083	342.0	0.0	0.0	0.0	0.0	0.0			-0.47	-0.47	36.84	23.439	2.54	3.84	6.7	141.0	3.8	2.47	0.27	25.88	0.52	0.37	0.0	1.98	0.44	50.6	5.04	31.9	60.96	0.18	662.9	629.11	77.19	0.11	41.95	0.0	1.99	94.59	47.278499999999994		FM	Free-model	NA	-0.02633	-59.0	0.07913212322580453	0.4059848493953003					2	0.23744	0.1456	96.4	3.6	0.19605	0.00842	0.30609	0.01496	65.885	4.115	49.045	3.455	39.28	1.63
66	T0950TS441_4	441s	14.84	100.0			-0.09	-0.09	10.82		1.88	4.66	43.689	43.944	342.0	1.0	0.0	0.0	0.0	0.0			-0.47	-0.47	27.49	21.027	2.11	3.97	7.0	166.0	26.1	3.39	0.29	25.88	0.49	0.35	0.04	1.88	0.53	72.6	4.74	29.66	59.89	0.19	662.6	307.31	87.18	0.11	101.07	4.69	1.99	93.73	47.278499999999994		FM	Free-model	NA	-0.01248	-34.0	0.06704797844459075	0.47062879362895443					2	-0.00356	0.11874	-3.6	3.6	0.13678	0.01974	0.36802	0.01215	72.575	4.925	58.235	6.765	47.18	7.18
67	T0950TS337_4	337s	14.84	100.0			-0.09	-0.09	10.82		1.88	4.66	43.689	43.944	342.0	1.0	0.0	0.0	0.0	0.0			-0.47	-0.47	27.49	21.027	2.11	3.97	7.0	166.0	26.1	3.39	0.29	25.88	0.49	0.35	0.04	1.88	0.53	72.6	4.74	29.66	59.89	0.19	662.6	307.31	87.18	0.11	101.07	4.69	1.99	93.73	47.278499999999994		FM	Free-model	NA	-0.01248	-34.0	0.06704797844459075	0.47062879362895443					2	-0.00356	0.11874	-3.6	3.6	0.13678	0.01974	0.36802	0.01215	72.575	4.925	58.235	6.765	47.18	7.18
68	T0950TS488_2	488s	14.69	100.0			-0.11	-0.11	10.89		3.0	5.06	44.641	44.955	342.0	6.0	0.0	0.0	0.0	0.0			-0.47	-0.47	27.49	19.92	2.27	3.06	5.4	129.0	17.3	1.44	0.29	25.0	0.5	0.35	0.03	1.79	0.53	48.0	4.89	30.24	58.0	0.19	488.2	332.26		0.12	1.72	0.0	4.27	91.17	47.278499999999994		FM	Template-based	2eox_A	-0.02408	-51.7	0.08779756572501173	0.3798822775801932	-0.19889	-59.2	0.25293564532406965	0.526705388085426	2	-0.03432	0.07058	-3.6	3.6	0.28873	0.04645	0.3788	0.06446	68.09	1.91	51.25	1.25	41.865	1.225
69	T0950TS312_1	312s	14.69	100.0	-0.21	-0.21	-0.11	-0.11	8.84	-0.34	4.62	6.29	49.637	49.972	342.0	15.0	0.0	0.0	0.0	0.0	-0.51	-0.51	-0.47	-0.47	28.07	18.755	2.41	7.08	5.9	127.0	3.6	4.34	0.21	25.59	0.47	0.35	-0.0	1.81	0.48	38.4	4.42	27.11	57.65	0.21	609.1	701.11		0.09	254.82	8.75	13.68	77.78	47.278499999999994		FM	Template-based	5J1I_A	-0.23066	-59.2	0.11038655530363274	0.4533619664996513	0.00824	40.8			2	-0.28969	0.02892	-3.6	3.6	0.19558	0.04245	0.52587	0.00608	68.825	1.175	53.235	1.765	42.32	1.68
70	T0950TS164_2	164s	14.55	100.0			-0.13	-0.13	9.43		4.09	7.03	49.186	49.615	342.0	0.0	0.0	0.0	0.0	0.0			-0.47	-0.47	37.43	24.899	2.32	4.1	7.3	140.0	2.9	2.7	0.26	25.15	0.5	0.35	-0.0	2.02	0.45	54.4	5.33	32.22	58.67	0.18	799.7	638.58	77.85	0.11	58.45	0.62	2.56	92.59	47.278499999999994		FM	Template-based	5j1iA	-0.19096	-59.2	0.08689504200335624	0.40997636824647293	0.00824	40.8			2	0.17362	0.12988	62.8	23.1	0.20059	0.00284	0.44698	0.03125	64.635	2.865	47.06	2.94	37.745	1.705
71	T0950TS149_5	149s	14.55	100.0			-0.13	-0.13	9.65		3.47	5.67	37.179	37.48	342.0	0.0	0.0	0.0	0.29	2.63			-0.43	-0.43	24.27	17.855	2.27	3.06	5.0	103.0	4.0	3.74	0.3	27.78	0.47	0.36	0.14	1.84	0.54	53.8	4.89	25.3	58.81	0.21	456.2	139.35	70.36	0.09	159.7	8.12	1.71	94.3	47.278499999999994		FM	Template-based	5xfl_a	-0.0288	-58.2	0.07547230496482611	0.5150212860945464					2	0.14104	0.08954	45.3	45.3	0.203	0.01342	0.52756	0.08513	67.87	4.63	51.03	3.97	41.245	2.205
72	T0950TS337_2	337s	14.33	100.0			-0.17	-0.17	10.75		3.17	5.3	58.77	59.125	342.0	0.0	0.0	0.0	0.0	0.0			-0.47	-0.47	30.12	19.701	2.34	4.49	5.6	183.0	11.0	3.1	0.28	24.27	0.49	0.35	-0.02	2.11	0.6	79.8	6.11	29.85	58.45	0.17	754.9	1025.76	89.15	0.11	74.94	4.69	0.57	96.3	47.278499999999994		FM	Free-model	NA	-0.02192	-49.400000000000006	0.07992906860022775	0.4651929724279625					2	0.17626	0.13043	57.2	33.2	0.2191	0.04564	0.48341	0.00667	61.915	3.085	47.06	2.94	37.71	1.56
73	T0950TS407_2	407s	14.33	100.0			-0.17	-0.17	9.94		3.13	7.15	39.91	40.074	342.0	1.0	0.0	0.0	0.0	0.0			-0.47	-0.47	26.32	19.228	2.22	2.93	2.9	101.0	3.7	2.73	0.35	33.63	0.52	0.4	0.24	1.36	0.56	72.6	3.89	34.76	64.21	0.21	389.0	76.59	43.35	0.12	11.34	7.81	4.56	92.02	47.278499999999994		FM	Free-model	NA	-0.02932	-55.1	0.05153094107088463	0.4748593107937273					2	0.0724	0.1336	-3.6	3.6	0.13532	0.00742	0.52404	0.05788	74.56	5.44	58.235	6.765	48.505	6.585
74	T0950TS368_2	368s	14.25	100.0			-0.18	-0.18	10.3		2.6	5.2	36.09	36.406	342.0	1.0	0.0	0.0	0.0	0.0			-0.47	-0.47	24.85	18.234	2.37	4.75	5.6	53.0	15.6	0.76	0.35	31.43	0.54	0.4	0.18	1.43	0.5	91.7	4.74	37.84	66.11	0.19	186.0	159.4	52.84	0.15	0.86	0.62	0.0	98.01	47.278499999999994		FM	Template-based	4k1p_B	0.01895	34.0	0.051484911391277664	0.36374844900719255	0.00131	3.299999999999997	0.04616525942109788	0.45476046039051743	2	0.06654	0.11628	-3.6	3.6	0.15854	0.00716	0.40576	0.0068	72.575	4.925	56.25	6.25	46.785	7.215
75	T0950TS402_1	402s	14.25	100.0	-0.27	-0.27	-0.18	-0.18	9.21	-0.23	5.4	6.49	35.291	35.622	342.0	6.0	0.0	0.0	0.88	3.51	-0.4	-0.4	-0.35	-0.35	21.05	14.242	2.44	2.28	4.2	122.0	25.7	2.86	0.29	34.21	0.48	0.36	0.13	1.63	0.57	50.0	4.89	27.94	54.86	0.21	448.8	200.02		0.14	95.35	0.31	1.71	93.73	47.278499999999994		FM	Free-model	NA	-0.05335	-59.0	0.10930177620061063	0.3896631726456766					2	0.12631	0.13019	-0.4	0.6	0.17757	0.0496	0.41084	0.02176	72.355	7.645	55.515	6.985	47.205	7.525
76	T0950TS246_3	246s	14.25	100.0			-0.18	-0.18	9.21		3.28	5.94	47.584	48.025	342.0	0.0	0.0	0.0	0.0	0.0			-0.47	-0.47	31.87	22.696	2.29	5.52	7.1	138.0	4.4	2.57	0.26	24.56	0.51	0.36	0.01	1.86	0.47	53.2	5.46	28.85	61.16	0.18	639.6	700.83	80.05	0.11	49.17	0.31	1.99	94.02	47.278499999999994		FM	Free-model	NA	-0.04281	-59.2	0.07029472432291202	0.4124036991526997					2	-0.2094	0.10106	-3.6	3.6	0.16751	0.0047	0.37109	0.05506	64.635	2.865	48.31	4.19	38.005	2.175
77	T0950TS402_3	402s	14.18	100.0			-0.19	-0.19	8.34		4.24	5.59	32.051	32.325	342.0	5.0	0.0	0.0	0.0	0.0			-0.47	-0.47	27.19	17.391	2.5	2.67	4.7	64.0	5.6	2.78	0.28	34.36	0.47	0.35	0.13	1.55	0.54	46.2	5.04	25.55	54.74	0.22	231.7	168.34		0.12	85.15	0.31	1.99	94.3	47.278499999999994		FM	Free-model	NA	-0.04257	-58.7	0.10741187884506469	0.40678602138496534					2	0.13223	0.16191	12.9	18.0	0.19025	0.03619	0.47511	0.09888	73.09	6.91	56.765	8.235	46.66	6.98
78	T0950TS243_1	243s	14.18	100.0	-0.28	-0.28	-0.19	-0.19	9.43	-0.17	2.17	5.59	25.667	26.067	342.0	4.0	0.0	0.0	2.05	22.22	-0.26	-0.26	-0.18	-0.18	49.71	35.64	2.18	10.19	8.1	190.0	3.3	3.47	0.29	24.41	0.46	0.34	0.21	1.58	0.49	51.2	5.46	34.37	55.72	0.22	930.2	189.96	85.78	0.1	122.72	3.44	2.28	91.17	47.278499999999994		FM	Free-model	NA	-0.06729	-59.2	0.0973809301887187	0.5175307621738283					2	0.15423	0.20475	46.4	53.6	0.16082	0.02132	0.52457	0.01869	68.825	1.175	50.515	1.985	40.525	2.025
79	T0950TS110_1	110s	14.18	100.0	-0.28	-0.28	-0.19	-0.19	8.62	-0.4	3.13	5.42	44.08	44.458	342.0	0.0	0.0	0.0	0.0	0.29	-0.51	-0.51	-0.47	-0.47	22.51	16.758	2.43	7.21	1.7	94.0	8.6	3.06	0.23	22.95	0.46	0.37	0.09	2.42	0.5	35.9	5.46	27.76	54.64	0.19	263.8	519.56		0.08	97.04	0.31	5.41	87.46	47.278499999999994		FM	Free-model	NA	-0.21645	-59.2	0.08674607992477452	0.4257202285223314					2	0.09975	0.281	-3.6	3.6	0.16571	0.02536	0.46837	0.0749	68.82	1.18	51.985	0.515	42.62	0.8
80	T0950TS257_3	257s	14.11	100.0			-0.2	-0.2	9.36		2.14	6.13	111.319	111.873	342.0	5.0	0.0	0.0	0.0	0.0			-0.47	-0.47	23.68	17.338	2.14	6.56	3.2	130.0	55.0	1.81	0.29	25.59	0.53	0.41	0.32	2.34	0.56	66.5	5.33	29.47	62.3	0.2	407.2	6854.02	80.36	0.12	3.09	2.81	2.85	94.59	47.278499999999994		FM	Free-model	NA	-0.01052	-42.0	0.06619210654135936	0.4659363309363831					2	0.18456	0.13879	-3.6	3.6	0.16362	0.03805	0.49169	0.0894	70.295	0.295	53.97	1.03	43.88	1.15
81	T0950TS041_4	041s	14.11	100.0			-0.2	-0.2	8.92		0.62	3.66	41.626	42.057	342.0	2.0	0.0	0.0	0.0	0.0			-0.47	-0.47	23.68	13.858	2.64	6.82	4.4	106.0	15.9	3.39	0.35	31.73	0.49	0.41	0.26	1.43	0.54	74.2	4.58	30.11	62.27	0.22	419.2	98.8		0.11	29.05	8.75	8.26	80.91	47.278499999999994		FM	Free-model	NA	-0.12968	-59.2	0.07279811658927166	0.46556058046496285					2	-0.04777	0.07558	-3.6	3.6	0.18922	0.00336	0.52612	0.01083	67.65	7.35	50.81	6.69	42.14	6.95
82	T0950TS257_4	257s	14.11	100.0			-0.2	-0.2	9.79		2.2	5.77	112.314	112.853	342.0	4.0	0.0	0.0	0.0	0.0			-0.47	-0.47	21.35	17.374	2.35	5.14	2.7	133.0	55.8	1.98	0.29	26.75	0.53	0.41	0.31	2.44	0.63	72.0	5.46	29.88	62.45	0.19	356.1	6869.8	79.29	0.11	2.58	5.62	3.42	94.59	47.278499999999994		FM	Free-model	NA	-0.02383	-45.6	0.06520604758736585	0.4992153486218229					2	0.05295	0.1307	-3.6	3.6	0.19257	0.00558	0.44565	0.06	66.105	1.395	49.78	2.72	41.835	3.435
83	T0950TS058_1	058s	14.11	100.0	-0.29	-0.29	-0.2	-0.2	8.99	-0.3	3.44	5.34	25.752	26.114	342.0	3.0	0.0	0.0	2.34	25.15	-0.22	-0.22	-0.14	-0.14	47.08	32.457	2.24	8.64	7.3	158.0	24.4	2.83	0.29	24.41	0.47	0.33	0.22	1.57	0.49	52.0	5.46	35.14	55.84	0.22	647.9	186.24	66.48	0.1	86.5	0.31	2.28	93.45	47.278499999999994		FM	Free-model	NA	-0.04991	-58.0	0.09730506407823841	0.4228374204362452					2	0.15541	0.19925	46.1	53.3	0.16097	0.02107	0.41365	0.07229	68.09	1.91	49.78	2.72	40.42	2.13
84	T0950TS257_2	257s	14.04	100.0			-0.21	-0.21	9.29		2.47	5.92	111.993	112.523	342.0	4.0	0.0	0.0	0.0	6.14			-0.47	-0.47	24.56	18.351	2.29	6.17	2.4	60.0	4.2	1.84	0.29	24.41	0.52	0.4	0.31	2.56	0.58	71.0	5.04	27.8	61.03	0.19	166.1	6884.69	82.77	0.1	3.44	2.5	5.13	94.02	47.278499999999994		FM	Free-model	NA	-0.0361	-53.5	0.07254891558251718	0.48349279796728845					2	-0.02468	0.04925	-3.6	3.6	0.20599	0.05633	0.45283	0.07569	72.795	2.205	56.47	3.53	46.12	2.06
85	T0950TS266_4	266s	14.04	100.0			-0.21	-0.21	11.04		3.29	7.89	64.569	64.85	342.0	1.0	0.0	0.0	0.0	0.0			-0.47	-0.47	29.82	21.588	2.58	3.58	6.7	172.0	8.6	2.66	0.25	19.01	0.43	0.32	0.04	2.44	0.56	63.4	5.86	20.07	50.69	0.17	727.0	2555.67		0.07	59.65	2.19	0.57	97.15	47.278499999999994		FM	Template-based	4lws_A	0.00708	37.099999999999994	0.12361812317035582	0.492567461119571	0.00109	40.8	0.03579276238166053	0.4664590780358403	2	0.15094	0.2111	46.4	53.6	0.2011	0.03046	0.49694	0.13249	65.59	0.59	50.0	0.0	39.9	0.65
86	T0950TS378_5	378s	13.96	100.0			-0.23	-0.23	8.92		2.7	6.05	62.926	63.354	342.0	2.0	0.0	0.0	1.17	14.04			-0.31	-0.31	20.76	14.111	2.64	4.62	4.3	122.0	67.4	inf	0.27	29.53	0.5	0.42	0.22	2.08	0.51	66.2	5.04	32.34	60.91	0.21	474.2	2183.2	24.01	0.12		10.0	1.42	95.73	47.278499999999994		FM	Free-model	NA	-0.01652	-40.2	0.055716470570774314	0.41085618075131447					2	0.07604	0.17992	-3.6	3.6	0.15192	0.01402	0.43846	0.07355	72.795	2.205	56.47	3.53	46.545	2.905
87	T0950TS261_4	261s	13.96	100.0			-0.23	-0.23	10.23		2.52	6.38	50.588	50.904	342.0	0.0	0.0	0.0	0.0	0.0			-0.47	-0.47	38.3	25.13	2.48	3.58	6.4	124.0	3.6	3.13	0.29	25.44	0.52	0.37	0.03	1.85	0.43	66.7	5.04	31.85	61.93	0.19	536.2	644.82	60.38	0.12	10.31	17.19	7.41	84.9	47.278499999999994		FM	Template-based	1qoy_A	-0.16108	-59.2	0.07567653935735075	0.4737715722968375	0.01705	40.2	0.08158295927767094	0.44916683265670637	2	-0.07739	0.22293	-3.6	3.6	0.1938	0.01801	0.48298	0.0607	65.885	4.115	49.045	3.455	38.575	1.785
88	T0950TS368_4	368s	13.96	100.0			-0.23	-0.23	10.02		5.94	8.46	34.239	34.564	342.0	0.0	0.0	0.0	0.0	0.29			-0.47	-0.47	20.76	13.702	2.47	4.23	4.7	138.0	8.8	0.57	0.36	34.06	0.55	0.42	0.19	1.45	0.56	75.9	4.42	37.79	66.52	0.19	488.0	140.51	47.54	0.15	0.17	0.0	0.0	99.15	47.278499999999994		FM	Template-based	4k1p_B	0.01529	35.2	0.04693973551535913	0.3527377337142231	0.00131	3.299999999999997	0.04616525942109788	0.45476046039051743	2	0.13038	0.1823	25.9	33.1	0.13139	0.03629	0.29888	0.01735	79.19	1.69	63.09	3.09	52.98	1.89
89	T0950TS402_4	402s	13.89	100.0			-0.24	-0.24	8.41		3.89	5.5	33.718	33.942	342.0	6.0	0.0	0.0	5.26	9.65			0.26	0.26	26.02	17.596	2.64	2.28	5.2	131.0	21.6	2.77	0.28	34.5	0.47	0.35	0.12	1.52	0.56	43.0	4.74	25.5	54.41	0.22	483.9	165.22		0.12	83.28	0.0	2.28	94.3	47.278499999999994		FM	Free-model	NA	-0.04533	-59.0	0.10781661215246324	0.4151846772442225					2	0.13228	0.16226	13.2	18.4	0.19025	0.03618	0.51167	0.13546	73.09	6.91	56.765	8.235	46.66	6.98
90	T0950TS441_3	441s	13.89	100.0			-0.24	-0.24	9.36		1.77	3.86	45.789	45.956	342.0	0.0	0.0	0.0	0.0	0.0			-0.47	-0.47	28.07	22.513	2.14	3.58	5.8	117.0	8.7	2.99	0.28	26.61	0.49	0.34	0.01	1.98	0.51	68.6	5.04	28.92	58.35	0.19	472.0	416.17	87.86	0.1	84.91	3.12	1.14	96.58	47.278499999999994		FM	Free-model	NA	-0.00876	-39.400000000000006	0.07026566167016154	0.5043676520028957					2	-0.0145	0.08068	-3.6	3.6	0.13765	0.01382	0.42288	0.06243	75.075	7.425	60.735	9.265	47.82	7.82
91	T0950TS488_5	488s	13.89	100.0			-0.24	-0.24	10.53		3.42	5.78	32.17	32.511	342.0	6.0	0.0	0.0	13.16	13.74			1.37	1.37	25.44	19.938	2.31	4.23	5.1	146.0	12.2	1.44	0.3	27.63	0.49	0.36	0.18	1.78	0.51	40.8	3.89	23.89	57.7	0.2	524.4	145.37		0.11	2.24	0.0	1.71	93.16	47.278499999999994		FM	Template-based	1bk5_B	-0.04896	-58.900000000000006	0.07877656643367101	0.3930231229079371	-0.00946	4.5	0.09108840222523323	0.48360281250169884	2	0.09934	0.20505	-3.2	4.0	0.13233	0.02423	0.46838	0.14416	77.28	5.22	60.955	6.545	51.455	4.185
92	T0950TS337_1	337s	13.89	100.0	-0.32	-0.32	-0.24	-0.24	9.36	-0.19	1.77	3.86	45.789	45.956	342.0	0.0	0.0	0.0	0.0	0.0	-0.51	-0.51	-0.47	-0.47	28.07	22.513	2.14	3.58	5.8	117.0	8.7	2.99	0.28	26.61	0.49	0.34	0.01	1.98	0.51	68.6	5.04	28.92	58.35	0.19	472.0	416.17	87.86	0.1	84.91	3.12	1.14	96.58	47.278499999999994		FM	Free-model	NA	-0.00876	-39.400000000000006	0.07026566167016154	0.5043676520028957					2	-0.0145	0.08068	-3.6	3.6	0.13765	0.01382	0.42288	0.06243	75.075	7.425	60.735	9.265	47.82	7.82
93	T0950TS378_1	378s	13.82	100.0	-0.33	-0.33	-0.25	-0.25	8.12	-0.54	2.65	4.45	55.032	55.344	342.0	0.0	0.0	0.0	0.0	0.0	-0.51	-0.51	-0.47	-0.47	21.05	15.589	2.06	4.88	5.2	100.0	30.3	inf	0.27	30.7	0.51	0.44	0.23	2.15	0.49	62.8	5.19	30.43	62.18	0.22	330.2	1802.74	21.02	0.13		9.69	1.99	94.02	47.278499999999994		FM	Free-model	NA	-0.0225	-49.2	0.05519635056805336	0.40593072993030155					2	0.07309	0.17568	-3.6	3.6	0.16878	0.01445	0.48284	0.10399	73.015	0.515	56.175	1.175	46.09	1.18
94	T0950TS110_5	110s	13.82	100.0			-0.25	-0.25	9.87		3.86	7.52	47.26	47.596	342.0	0.0	0.0	0.0	0.0	0.0			-0.47	-0.47	20.18	14.234	2.44	4.75	3.4	41.0	4.3	3.16	0.23	22.81	0.46	0.36	0.06	2.32	0.52	43.3	4.25	22.11	54.52	0.17	117.7	791.27		0.09	100.96	0.31	6.27	83.19	47.278499999999994		FM	Free-model	NA	-0.16809	-59.2	0.09974213319332305	0.4215797947783954					2	-0.02828	0.0323	-3.6	3.6	0.22796	0.03224	0.39974	0.01804	60.445	4.555	44.12	5.88	35.275	3.085
95	T0950TS312_5	312s	13.74	100.0			-0.26	-0.26	9.65		2.11	5.76	44.847	45.206	342.0	22.0	0.0	0.0	0.0	0.0			-0.47	-0.47	30.99	24.228	2.27	4.49	6.0	209.0	13.3	4.32	0.24	25.88	0.49	0.34	-0.01	2.14	0.56	52.5	5.6	30.22	57.33	0.18	817.4	541.19		0.09	229.51	11.56	10.26	82.91	47.278499999999994		FM	Template-based	5LM1_A	-0.13882	-59.2	0.09617060472184603	0.4258402183136196	0.03337	40.8	0.06553076703103361	0.471042635845943	2	-0.13828	0.41488	-3.4	3.8	0.18836	0.05451	0.3587	0.0579	69.115	5.885	51.545	5.955	42.4	4.33
96	T0950TS145_4	145s	13.67	100.0			-0.27	-0.27	10.09		3.78	7.38	50.55	50.864	342.0	0.0	0.0	0.0	0.0	0.0			-0.47	-0.47	37.13	24.425	2.29	3.58	6.8	124.0	3.4	3.02	0.29	25.59	0.51	0.38	0.04	1.84	0.43	52.0	5.04	31.18	62.16	0.19	552.9	642.08	59.51	0.12	9.11	13.12	7.41	83.48	47.278499999999994		FM	Template-based	1qoy_A	-0.16386	-59.2	0.07300713601364991	0.46426779303232263	0.01705	40.2	0.08158295927767094	0.44916683265670637	2	-0.27258	0.18134	-3.6	3.6	0.21021	0.02746	0.41041	0.01833	66.62	3.38	51.03	3.97	39.875	2.125
97	T0950TS041_2	041s	13.52	100.0			-0.3	-0.3	7.97		2.22	3.85	42.401	42.839	342.0	5.0	0.0	0.0	0.0	0.0			-0.47	-0.47	23.39	14.953	2.47	5.65	4.5	86.0	3.2	3.13	0.35	32.31	0.5	0.41	0.27	1.55	0.5	79.5	5.19	33.06	63.12	0.21	343.7	128.01		0.12	18.22	10.0	5.13	87.18	47.278499999999994		FM	Free-model	NA	-0.08494	-59.2	0.06320985151149985	0.5073889549403579					2	-0.12548	0.11449	-3.6	3.6	0.21573	0.01144	0.46908	0.02035	68.09	1.91	51.765	3.235	42.24	2.67
98	T0950TS470_3	470s	13.45	100.0			-0.31	-0.31	10.02		4.12	6.21	35.596	36.189	342.0	0.0	0.0	0.0	10.53	13.16			1.0	1.0	32.16	24.153	2.06	4.23	6.8	154.0	7.6	1.95	0.28	22.37	0.47	0.33	0.23	1.93	0.51	58.1	5.6	24.44	54.22	0.21	724.3	196.67	22.96	0.11	8.77	0.94	2.28	92.31	47.278499999999994		FM	Template-based	4CGK	-0.01429	-45.6	0.10815023610827147	0.3773702870352621	0.00674	4.8999999999999915	0.05864696812820194	0.4650426765135106	2	0.16102	0.17808	-1.0	1.0	0.24742	0.05153	0.29198	0.06887	61.765	13.235	43.455	14.045	34.275	11.175
99	T0950TS058_4	058s	13.45	100.0			-0.31	-0.31	8.48		2.72	4.12	25.096	25.596	342.0	0.0	0.0	0.0	0.0	0.0			-0.47	-0.47	30.99	23.466	2.21	4.49	7.0	137.0	6.2	2.79	0.28	22.66	0.46	0.32	0.22	1.66	0.48	39.0	5.46	36.11	53.51	0.22	568.6	170.73	68.28	0.09	86.63	0.0	2.56	94.3	47.278499999999994		FM	Free-model	NA	-0.03406	-52.6	0.11000627444337856	0.4123538947593263					2	0.14816	0.173	29.95	36.45	0.20721	0.02674	0.42098	0.04445	65.145	4.855	46.835	5.665	37.06	4.76
100	T0950TS266_5	266s	13.45	100.0			-0.31	-0.31	9.72		4.08	7.66	72.335	72.791	342.0	2.0	0.0	0.0	0.0	0.0			-0.47	-0.47	24.56	20.698	1.98	3.97	6.0	153.0	53.5	2.58	0.25	19.3	0.42	0.31	0.09	2.63	0.48	44.5	4.42	22.88	50.39	0.17	585.1	2199.46		0.08	56.39	0.94	0.57	94.87	47.278499999999994		FM	Template-based	4k1p_A	-0.00201	36.599999999999994	0.12899621240789635	0.48626192003629404	0.01782	40.2	0.07577362287348524	0.4912293624008364	2	0.08642	0.26069	-3.6	3.6	0.19894	0.03039	0.58261	0.0846	66.84	0.66	49.265	0.735	40.115	0.845
101	T0950TS378_2	378s	13.38	100.0			-0.32	-0.32	8.55		2.41	5.04	52.669	52.971	342.0	1.0	0.0	0.0	0.0	0.0			-0.47	-0.47	21.64	16.197	2.38	4.36	4.3	209.0	50.7	inf	0.27	28.66	0.51	0.42	0.26	1.93	0.5	72.5	5.33	33.66	62.0	0.2	644.5	624.76	24.25	0.12		10.94	1.99	95.44	47.278499999999994		FM	Free-model	NA	-0.00017	22.299999999999997	0.055550612958898446	0.415114977548459					2	0.14044	0.18922	45.35	52.55	0.14919	0.04349	0.38548	0.0446	75.955	3.455	60.59	5.59	51.28	4.55
102	T0950TS407_5	407s	13.23	100.0			-0.34	-0.34	8.99		2.61	6.41	41.098	41.274	342.0	3.0	0.0	0.0	0.0	0.0			-0.47	-0.47	19.88	15.118	2.39	2.15	2.6	136.0	38.8	2.48	0.33	29.24	0.53	0.39	0.2	1.68	0.48	73.7	3.89	31.54	64.28	0.18	470.7	110.07	48.63	0.1	9.28	6.25	2.56	94.3	47.278499999999994		FM	Free-model	NA	-0.02214	-50.900000000000006	0.05721102918068618	0.4807516095388898					2	0.03504	0.18078	-3.6	3.6	0.11094	0.01337	0.4857	0.10471	73.09	6.91	57.5	7.5	46.515	5.125
103	T0950TS312_4	312s	13.23	100.0			-0.34	-0.34	9.57		2.97	5.43	44.951	45.256	342.0	25.0	0.0	0.0	0.0	0.0			-0.47	-0.47	26.61	19.837	2.26	4.23	5.2	72.0	3.1	4.42	0.19	24.41	0.47	0.32	0.02	1.91	0.52	57.8	4.74	27.51	54.65	0.17	326.9	334.64		0.09	294.87	9.69	10.83	78.63	47.278499999999994		FM	Template-based	2XS1_A	-0.2147	-59.2	0.11142691246906057	0.4328008048574256	0.02874	-13.300000000000004	0.07800871001794987	0.5326206960006935	2	-0.08637	0.34563	-3.3	3.9	0.29219	0.02641	0.52537	0.07853	59.265	10.735	42.425	10.075	35.415	9.315
104	T0950TS365_4	365s	13.23	100.0			-0.34	-0.34	8.41		2.68	4.64	36.085	36.439	342.0	0.0	0.0	0.0	0.0	0.0			-0.47	-0.47	21.93	15.655	2.27	5.78	1.8	93.0	11.0	1.51	0.28	25.88	0.49	0.38	0.17	1.87	0.59	46.46	5.04	26.19	57.16	0.2	280.3	206.78		0.11	0.17	3.75	2.56	91.45	47.278499999999994		FM	Template-based	2YY0_B	-0.09044	-59.2	0.06987066002868154	0.3973982858234136	0.00624	27.39999999999999	0.08025001858903369	0.5160894615260122	2	-0.15232	0.07882	-3.6	3.6	0.18774	0.01615	0.42372	0.01581	69.045	1.545	53.455	0.955	42.03	2.03
105	T0950TS164_3	164s	13.09	100.0			-0.37	-0.37	9.72		3.05	6.38	53.875	54.224	342.0	0.0	0.0	0.0	0.0	0.0			-0.47	-0.47	36.55	22.572	2.53	3.97	6.4	134.0	4.2	2.75	0.27	25.15	0.51	0.37	0.01	1.91	0.45	50.8	5.19	30.76	60.21	0.18	633.3	749.32	78.2	0.1	58.11	1.25	1.42	93.16	47.278499999999994		FM	Template-based	5j1iA	-0.1662	-59.2	0.07984458611821338	0.415744611986977	0.00824	40.8			2	0.04108	0.20752	-3.6	3.6	0.19678	0.0114	0.4013	0.08326	65.37	2.13	48.53	1.47	38.87	0.58
106	T0950TS085_1	085s	13.09	100.0	-0.44	-0.44	-0.37	-0.37	10.38	0.1	4.08	7.35	49.299	49.8	342.0	0.0	0.0	0.0	0.0	0.0	-0.51	-0.51	-0.47	-0.47	37.43	24.875	2.36	3.97	6.4	131.0	2.9	2.56	0.26	24.12	0.51	0.36	0.0	1.95	0.45	55.5	5.19	29.66	60.63	0.18	682.1	702.65	66.61	0.11	53.64	0.94	1.14	94.87	47.278499999999994		FM	Free-model	NA	-0.02894	-59.1	0.06996783015802094	0.4111274136114504					2	0.1881	0.19496	47.0	53.0	0.20031	0.00954	0.45473	0.04738	66.62	3.38	49.045	3.455	39.065	1.845
107	T0950TS160_5	160s	13.01	100.0			-0.38	-0.38	9.94		1.97	5.51	48.963	49.419	342.0	0.0	0.0	0.0	0.0	0.0			-0.47	-0.47	31.29	21.748	2.39	3.71	5.1	138.0	3.9	3.09	0.27	23.83	0.49	0.34	-0.01	1.99	0.45	55.5	5.04	29.91	60.93	0.17	670.7	700.34	79.22	0.09	108.63	2.81	0.85	96.3	47.278499999999994		FM	Template-based	5j1i_A	-0.01133	-50.400000000000006	0.06106494011238715	0.5422228404775778	0.00824	40.8			2	0.20006	0.14586	45.35	45.35	0.19378	0.01109	0.55377	0.02452	66.62	3.38	49.045	3.455	39.215	2.425
108	T0950TS470_4	470s	12.94	100.0			-0.39	-0.39	10.09		3.91	6.87	47.005	47.19	342.0	0.0	0.0	0.0	0.0	10.23			-0.47	-0.47	31.58	25.176	1.99	3.06	6.2	178.0	9.4	1.64	0.28	23.68	0.5	0.36	0.04	2.32	0.53	47.2	5.46	24.89	58.98	0.17	758.2	681.82	23.79	0.11	6.7	0.94	0.28	96.01	47.278499999999994		FM	Template-based	4AVM	0.00074	19.599999999999994	0.07526146819184569	0.39691887613489285	0.01283	40.8	0.06598783579693794	0.5052922507570733	2	0.16942	0.19615	46.45	53.25	0.15976	0.01874	0.40426	0.0281	73.31	4.19	55.0	5.0	43.65	2.9
109	T0950TS347_3	347s	12.72	30.12			-0.42	-0.42	8.85		8.99	4.6	12.384	13.106	103.0	0.0	0.0	0.0	0.0	7.31			-0.47	-0.47	18.13	15.622	2.04	3.93	2.8	77.0	6.7	3.17	0.09		0.14	0.11	0.07	3.23	0.5	12.56	4.42	9.44	18.08	0.16	231.6	4.61	64.09	0.03	36.6	4.4	7.92	86.14	47.278499999999994		FM	Template-based	5j65_A	-0.05006	-48.800000000000004	0.0768965630916067	0.3920740220250273	0.01596	34.89999999999999	0.07053823681241515	0.4132178587979822	2														
110	T0950TS110_3	110s	12.72	100.0			-0.42	-0.42	8.48		1.94	4.76	44.318	44.771	342.0	0.0	0.0	0.0	0.0	0.0			-0.47	-0.47	21.64	15.056	2.63	5.39	2.7	110.0	32.5	3.06	0.24	23.54	0.48	0.37	0.06	2.28	0.52	54.8	5.04	28.13	55.82	0.17	281.8	521.95		0.08	95.16	0.31	6.55	87.46	47.278499999999994		FM	Free-model	NA	-0.13449	-59.2	0.08698960144811127	0.40991919555555617					2	0.10755	0.25506	46.35	53.55	0.23506	0.03943	0.4812	0.03651	60.22	7.28	41.91	8.09	33.63	5.82
111	T0950TS110_4	110s	12.65	100.0			-0.43	-0.43	8.62		3.0	5.38	38.502	39.049	342.0	0.0	0.0	0.0	0.29	0.88			-0.43	-0.43	22.22	15.139	2.51	3.19	2.1	58.0	3.2	3.19	0.24	24.85	0.46	0.35	0.12	2.04	0.5	39.1	4.74	28.64	54.86	0.19	387.4	222.1		0.08	123.0	0.0	6.55	86.04	47.278499999999994		FM	Free-model	NA	-0.20495	-59.2	0.08711539867824464	0.42455195536965684					2	-0.08506	0.14774	-3.6	3.6	0.25458	0.01623	0.44256	0.07384	67.35	2.65	49.045	3.455	39.165	1.195
112	T0950TS058_5	058s	12.65	100.0			-0.43	-0.43	8.7		1.5	4.05	27.544	27.988	342.0	1.0	0.0	0.0	0.0	0.0			-0.47	-0.47	32.75	22.616	2.21	6.56	6.6	91.0	4.2	2.77	0.28	24.56	0.47	0.33	0.2	1.5	0.5	39.7	5.19	37.32	55.68	0.21	401.8	220.36	66.69	0.09	88.74	0.31	1.71	94.87	47.278499999999994		FM	Free-model	NA	-0.04926	-58.900000000000006	0.0901211150138511	0.4141298660846793					2	0.12896	0.20218	42.6	49.8	0.16252	0.01918	0.33525	0.15589	68.09	1.91	51.765	3.235	41.715	2.465
113	T0950TS160_4	160s	12.57	100.0			-0.45	-0.45	9.57		2.17	5.86	49.046	49.534	342.0	1.0	0.0	0.0	0.0	0.0			-0.47	-0.47	36.26	22.083	2.51	3.32	6.2	99.0	3.5	3.1	0.27	23.98	0.49	0.34	-0.01	2.04	0.45	66.6	4.89	29.17	60.68	0.17	451.2	678.28	82.11	0.09	95.57	3.75	0.57	96.58	47.278499999999994		FM	Template-based	5j1i_A	-0.01325	-50.1	0.062183030033833644	0.5054773775902286	0.00824	40.8			2	0.20041	0.16293	93.1	6.7	0.1946	0.01114	0.47322	0.02504	66.62	3.38	49.045	3.455	39.215	2.425
114	T0950TS110_2	110s	12.57	100.0			-0.45	-0.45	7.82		1.94	4.97	79.938	80.237	342.0	1.0	0.0	0.0	0.0	0.0			-0.47	-0.47	21.05	13.013	2.4	3.84	1.9	107.0	50.1	3.07	0.22	24.41	0.46	0.36	-0.01	2.7	0.56	35.1	5.19	22.98	54.35	0.18	397.8	2536.15		0.09	92.65	0.0	5.98	86.32	47.278499999999994		FM	Free-model	NA	-0.17264	-59.2	0.0863581988921106	0.41282287796160017					2	0.05728	0.09716	-3.6	3.6	0.21587	0.03398	0.35	0.10887	66.105	1.395	47.795	2.205	38.12	1.33
115	T0950TS041_5	041s	12.57	100.0			-0.45	-0.45	7.24		2.65	4.92	43.662	44.038	342.0	1.0	0.0	0.0	0.0	0.0			-0.47	-0.47	22.51	16.113	2.27	3.71	2.7	140.0	43.4	3.25	0.35	33.77	0.5	0.41	0.23	1.47	0.54	81.2	4.74	32.13	63.31	0.21	393.6	107.68		0.11	23.9	10.31	4.84	87.46	47.278499999999994		FM	Free-model	NA	-0.10621	-59.2	0.05197318584773077	0.46750885829026306					2	-0.24514	0.06062	-3.6	3.6	0.15143	0.01019	0.42146	0.02622	64.415	5.585	48.09	6.91	39.23	5.86
116	T0950TS407_3	407s	12.43	100.0			-0.47	-0.47	8.26		1.47	3.97	37.618	37.945	342.0	0.0	0.0	0.0	0.0	2.05			-0.47	-0.47	20.18	14.864	2.35	4.23	2.1	109.0	7.1	2.76	0.34	29.39	0.51	0.39	0.27	1.57	0.5	72.1	4.42	29.27	62.56	0.19	370.0	86.52	46.03	0.12	11.52	8.12	3.13	91.74	47.278499999999994		FM	Free-model	NA	-0.03892	-58.2	0.051600013652904994	0.4781656582524678					2	0.06632	0.10518	-3.05	3.05	0.13007	0.00662	0.43992	0.0065	69.635	7.865	53.31	9.19	44.015	7.435
117	T0950TS365_2	365s	12.35	100.0			-0.48	-0.48	8.55		1.51	3.47	55.072	55.358	342.0	0.0	0.0	0.0	1.46	7.6			-0.27	-0.27	23.39	14.905	2.58	2.41	5.5	112.0	16.9	1.85	0.28	24.85	0.48	0.38	0.2	2.32	0.48	45.37	4.42	26.29	56.96	0.18	333.6	753.36		0.1	0.17	7.5	3.42	87.18	47.278499999999994		FM	Template-based	2YY0_B	-0.10003	-59.2	0.0727705045280364	0.39262433558813836	0.00624	27.39999999999999	0.08025001858903369	0.5160894615260122	2	-0.14134	0.24294	-3.6	3.6	0.23668	0.03668	0.35958	0.05035	65.37	2.13	49.78	2.72	38.6	0.85
118	T0950TS149_4	149s	12.35	100.0			-0.48	-0.48	8.48		3.1	5.75	43.183	43.487	342.0	8.0	0.0	0.0	0.0	0.0			-0.47	-0.47	21.05	15.207	2.26	4.36	1.9	89.0	4.0	4.0	0.27	22.22	0.39	0.28	0.02	2.35	0.49	44.4	3.07	23.92	45.08	0.18	374.8	164.42	79.08	0.09	204.4	6.56	5.98	87.18	47.278499999999994		FM	Template-based	5cwp_a	-0.11026	-59.2	0.18488336301995753	0.5219458911312365					2	0.04605	0.1193	-3.6	3.6	0.20545	0.04118	0.6232	0.05962	68.605	3.895	51.545	5.955	42.485	5.695
119	T0950TS488_4	488s	12.28	100.0			-0.49	-0.49	8.11		2.9	4.53	47.998	48.064	342.0	3.0	0.0	0.0	0.0	0.0			-0.47	-0.47	28.07	20.56	2.34	5.01	7.2	121.0	8.7	1.87	0.26	20.61	0.44	0.31	0.05	2.03	0.51	37.1	4.89	21.54	50.49	0.18	440.7	300.17		0.09	4.3	0.31	5.13	84.9	47.278499999999994		FM	Template-based	1f7u_A	-0.12263	-59.2	0.11373049779871727	0.43627773162486694	0.01753	-30.400000000000002	0.15804888757211494	0.5147007735800162	2	-0.00836	0.25377	-3.55	3.65	0.26192	0.04961	0.55471	0.1052	57.06	12.94	40.22	12.28	31.8	10.2
120	T0950TS164_1	164s	12.28	100.0	-0.55	-0.55	-0.49	-0.49	9.06	-0.28	2.05	4.94	49.14	49.579	342.0	0.0	0.0	0.0	0.0	0.0	-0.51	-0.51	-0.47	-0.47	31.29	21.905	2.26	3.45	6.2	103.0	2.6	2.47	0.26	24.71	0.51	0.36	0.01	1.89	0.46	60.3	5.04	29.24	60.22	0.17	502.3	694.96	69.68	0.11	55.53	0.62	1.42	96.3	47.278499999999994		FM	Template-based	5j1iA	-0.1536	-59.2	0.06812426817434737	0.4316810922359996	0.00824	40.8			2	-0.04542	0.0154	-3.6	3.6	0.19374	0.00935	0.46175	0.05159	66.615	3.385	50.295	4.705	40.67	2.6
121	T0950TS378_3	378s	12.13	100.0			-0.52	-0.52	8.26		1.99	5.13	32.929	33.169	342.0	0.0	0.0	0.0	10.23	13.45			0.96	0.96	22.51	15.196	2.37	4.36	6.5	117.0	22.6	inf	0.27	29.09	0.5	0.42	0.31	2.06	0.48	57.2	5.04	35.2	60.92	0.19	453.6	445.23	22.18	0.12		9.69	0.85	96.01	47.278499999999994		FM	Free-model	NA	0.0086	29.799999999999997	0.05213042799003047	0.4087828677003224					2	0.05342	0.06973	-1.0	1.0	0.1551	0.06557	0.50805	0.10083	68.085	1.915	52.5	2.5	42.51	2.4
122	T0950TS378_4	378s	12.13	100.0			-0.52	-0.52	8.04		2.97	4.44	43.919	44.389	342.0	0.0	0.0	0.0	0.0	0.0			-0.47	-0.47	18.42	13.003	2.51	4.23	4.9	100.0	5.3	inf	0.27	32.02	0.51	0.42	0.11	1.85	0.55	62.4	4.58	29.5	61.81	0.18	400.8	594.63	21.49	0.13		9.38	1.71	95.44	47.278499999999994		FM	Free-model	NA	-0.01202	-39.300000000000004	0.049916821746465785	0.41366516223820177					2	0.14149	0.15305	22.55	12.45	0.11932	0.0353	0.47125	0.0037	72.28	0.22	54.705	0.295	45.04	0.31
123	T0950TS432_4	432s	12.06	100.0			-0.53	-0.53	8.04		2.06	4.58	83.199	83.374	342.0	0.0	0.0	0.0	7.89	10.82			0.63	0.63	21.64	16.269	2.34	1.76	5.9	178.0	11.0	3.32	0.22	16.08	0.38	0.26	0.07	2.55	0.61	51.5	4.89	18.93	43.72	0.19	713.6	3667.74	50.24	0.06	100.38	3.75	1.14	93.73	47.278499999999994		FM	Template-based	4AVM	-0.03116	-52.1	0.17446575110196982	0.5129014601529965	0.01283	40.8	0.06598783579693794	0.5052922507570733	2	0.08842	0.21606	16.1	23.3	0.26204	0.0076	0.6403	0.01755	56.47	3.53	40.665	6.835	32.515	5.665
124	T0950TS149_2	149s	12.06	100.0			-0.53	-0.53	8.62		1.63	4.66	42.476	42.558	342.0	7.0	0.0	0.0	0.0	0.0			-0.47	-0.47	24.27	16.907	2.43	1.89	3.1	107.0	4.3	4.17	0.29	25.73	0.4	0.3	0.03	2.07	0.47	59.6	3.29	26.63	49.64	0.17	458.7	156.02	81.03	0.09	241.79	9.38	4.56	88.32	47.278499999999994		FM	Template-based	5cwq_a	-0.11364	-59.2	0.15566875429470647	0.5378560058843297					2	-0.0532	0.02683	-3.6	3.6	0.18815	0.04074	0.4179	0.00439	68.82	1.18	52.5	2.5	41.67	1.24
125	T0950TS368_5	368s	11.99	100.0			-0.54	-0.54	8.19		1.64	3.47	60.367	60.68	342.0	1.0	0.0	0.0	0.0	0.0			-0.47	-0.47	31.58	22.211	2.46	2.67	5.4	96.0	3.7	0.74	0.29	24.56	0.51	0.36	0.01	1.94	0.56	55.8	4.25	24.39	60.94	0.16	412.1	1633.74	49.92	0.1	0.34	0.0	0.0	97.44	47.278499999999994		FM	Free-model	NA	-0.00876	-18.900000000000006	0.06257848175430987	0.4018499870931744					2	0.05537	0.09748	-3.15	3.15	0.13363	0.01316	0.36732	0.08389	67.87	4.63	52.28	5.22	43.37	5.72
126	T0950TS365_5	365s	11.91	100.0			-0.55	-0.55	7.82		1.68	4.62	48.074	48.485	342.0	0.0	0.0	0.0	0.0	0.0			-0.47	-0.47	22.81	15.844	2.33	2.93	1.8	146.0	31.5	1.47	0.27	26.32	0.48	0.37	0.2	2.24	0.47	40.78	4.89	24.66	56.56	0.17	365.1	1150.62		0.11	0.0	3.12	3.7	88.03	47.278499999999994		FM	Template-based	2YY0_B	-0.08994	-59.2	0.0642371640062273	0.4080272629693265	0.00624	27.39999999999999	0.08025001858903369	0.5160894615260122	2	-0.0955	0.08914	-3.6	3.6	0.14623	0.00466	0.41054	0.00836	67.65	7.35	52.795	7.205	42.35	4.38
127	T0950TS365_3	365s	11.91	100.0			-0.55	-0.55	8.04		1.09	3.24	62.404	62.735	342.0	0.0	0.0	0.0	0.0	0.0			-0.47	-0.47	23.98	15.1	2.43	2.41	2.0	72.0	16.4	1.8	0.27	23.83	0.48	0.37	0.03	2.52	0.51	45.27	5.04	20.77	56.48	0.16	153.2	1833.26		0.11	0.34	5.62	3.42	87.46	47.278499999999994		FM	Template-based	2YY0_B	-0.11283	-59.2	0.07481029483019633	0.40196648358111925	0.00624	27.39999999999999	0.08025001858903369	0.5160894615260122	2	-0.22286	0.06792	-3.6	3.6	0.29891	0.02811	0.39828	0.01104	66.62	3.38	50.295	4.705	40.95	3.41
128	T0950TS470_5	470s	11.77	100.0			-0.57	-0.57	9.36		2.94	6.21	75.923	76.129	342.0	0.0	0.0	0.0	0.0	0.0			-0.47	-0.47	21.35	16.21	2.48	2.15	2.7	158.0	59.6	1.18	0.26	21.34	0.48	0.35	0.17	2.71	0.6	44.5	4.74	22.44	55.11	0.14	448.6	1682.04	29.44	0.11	2.41	0.31	0.28	97.15	47.278499999999994		FM	Template-based	5APZ	0.01086	33.89999999999999	0.08725069795580816	0.36242415139068895	0.03826	40.8	0.09003124681738252	0.4683082470307003	2	0.14602	0.23166	46.4	53.6	0.13089	0.0209	0.33115	0.03285	77.94	2.94	61.615	1.615	50.54	2.72
129	T0950TS407_1	407s	11.77	100.0	-0.62	-0.62	-0.57	-0.57	8.7	-0.38	1.89	5.74	42.69	42.907	342.0	3.0	0.0	0.0	0.0	0.0	-0.51	-0.51	-0.47	-0.47	21.64	16.392	2.4	2.93	4.8	95.0	3.5	2.46	0.32	29.09	0.52	0.41	0.12	1.89	0.46	73.3	4.89	27.93	63.18	0.17	356.9	239.21	43.41	0.12	7.91	6.25	3.13	93.45	47.278499999999994		FM	Free-model	NA	-0.0155	27.89999999999999	0.061161665441387195	0.4890397272183369					2	0.04776	0.28375	-3.6	3.6	0.17415	0.01569	0.59242	0.00668	72.795	2.205	55.735	4.265	44.385	2.885
130	T0950TS365_1	365s	11.62	100.0	-0.64	-0.64	-0.6	-0.6	8.19	-0.52	2.67	5.69	42.057	42.518	342.0	0.0	0.0	0.0	0.0	0.0	-0.51	-0.51	-0.47	-0.47	19.3	13.461	2.51	3.19	1.6	139.0	16.6	1.89	0.28	24.71	0.47	0.36	0.05	2.36	0.52	41.88	4.74	24.7	56.64	0.17	373.8	867.4		0.09	0.52	7.5	3.99	90.03	47.278499999999994		FM	Template-based	2YY0_B	-0.12165	-59.2	0.07051018356172378	0.4207416700649109	0.00624	27.39999999999999	0.08025001858903369	0.5160894615260122	2	-0.12106	0.11402	-3.6	3.6	0.22954	0.04213	0.43647	0.00194	66.835	0.665	50.515	1.985	40.33	2.58
131	T0950TS347_5	347s	11.55	30.12			-0.61	-0.61	7.09		1.58	1.76	13.006	13.787	103.0	0.0	0.0	0.0	0.0	0.0			-0.47	-0.47	18.42	14.477	2.29	6.01	2.7	87.0	16.7	2.91	0.09		0.14	0.11	0.08	3.22	0.5	13.1	4.58	8.24	18.67	0.16	211.2	4.07	66.83	0.02	21.84	5.49	1.98	91.09	47.278499999999994		FM	Template-based	5j65_A	-0.03663	-40.900000000000006	0.057985436748649886	0.41680369689859076	0.01596	34.89999999999999	0.07053823681241515	0.4132178587979822	2														
132	T0950TS347_2	347s	11.4	30.12			-0.63	-0.63	6.95		6.81	3.57	15.584	16.148	103.0	0.0	0.0	0.0	0.0	0.0			-0.47	-0.47	21.35	14.912	2.4	1.29	2.2	77.0	9.2	2.83	0.09		0.14	0.11	0.07	3.2	0.5	13.13	4.42	8.4	18.51	0.15	198.0	4.47	68.21	0.03	23.61	4.4	0.0	92.08	47.278499999999994		FM	Template-based	5j65_A	-0.02345	-24.6	0.07525572788746333	0.39586927229520474	0.01596	34.89999999999999	0.07053823681241515	0.4132178587979822	2														
133	T0950TS266_1	266s	11.33	100.0	-0.68	-0.68	-0.64	-0.64	8.04	-0.57	2.78	5.25	58.978	59.276	342.0	1.0	0.0	0.0	0.0	0.0	-0.51	-0.51	-0.47	-0.47	23.68	21.032	1.8	2.54	6.8	119.0	7.1	2.93	0.24	19.74	0.43	0.31	0.02	2.49	0.55	59.5	4.42	19.47	50.63	0.15	464.3	2071.44		0.08	58.11	2.81	1.14	94.87	47.278499999999994		FM	Template-based	4lws_A	-0.01565	-37.5	0.12823272562481106	0.4889715489931922	0.00109	40.8	0.03579276238166053	0.4664590780358403	2	0.15753	0.21067	46.4	53.5	0.19689	0.02847	0.54186	0.00063	66.105	1.395	49.78	2.72	40.725	2.545
134	T0950TS432_1	432s	11.33	100.0	-0.68	-0.68	-0.64	-0.64	8.34	-0.48	2.94	5.11	89.181	89.54	342.0	1.0	0.0	0.0	0.0	9.65	-0.51	-0.51	-0.47	-0.47	29.24	20.791	2.3	2.28	5.2	179.0	9.3	3.33	0.22	16.52	0.4	0.26	-0.02	2.62	0.52	45.4	5.46	19.59	45.14	0.16	737.3	4021.66	42.42	0.06	89.03	4.06	3.42	92.88	47.278499999999994		FM	Template-based	3VKG	-0.01244	-40.400000000000006	0.1789851127288771	0.4949467159525663	-0.18815	-59.2			2	0.08786	0.13982	-3.6	3.6	0.21632	0.05751	0.50176	0.19453	65.81	3.31	49.485	1.985	39.32	1.32
135	T0950TS458_3	458s	11.26	100.0			-0.66	-0.66	8.26		1.63	4.84	83.344	83.672	342.0	5.0	0.0	0.0	0.0	0.0			-0.47	-0.47	18.71	13.788	2.4	2.67	2.4	62.0	42.0	3.52	0.28	24.71	0.49	0.34	-0.01	2.54	0.49	64.1	4.74	20.59	57.18	0.14	184.8	2362.0	63.03	0.09	35.92	11.25	4.84	83.48	47.278499999999994		FM	Free-model	NA	-0.12361	-59.2	0.07419278446137381	0.46484540503855526					2	0.06248	0.12604	-3.6	3.6	0.19656	0.06827	0.39764	0.14079	70.295	0.295	53.97	1.03	43.57	0.79
136	T0950TS243_5	243s	11.18	100.0			-0.67	-0.67	6.72		2.51	4.38	37.013	37.223	342.0	1.0	0.0	0.0	0.0	0.0			-0.47	-0.47	19.59	17.536	1.86	3.97	1.9	145.0	36.9	2.99	0.32	30.26	0.5	0.39	0.2	1.62	0.49	77.8	4.42	27.1	61.83	0.17	349.2	114.44	86.71	0.11	18.73	10.31	2.56	92.88	47.278499999999994		FM	Free-model	NA	-0.0718	-59.2	0.054638784712376556	0.46586598706867743					2	-0.19026	0.21728	-3.6	3.6	0.19654	0.0063	0.52141	0.07163	67.425	10.075	50.365	12.135	40.515	10.035
137	T0950TS432_3	432s	11.11	100.0			-0.68	-0.68	8.19		2.24	6.13	46.689	46.938	342.0	3.0	0.0	0.0	0.0	0.0			-0.47	-0.47	26.9	19.094	2.07	2.02	3.1	88.0	8.1	3.69	0.22	17.98	0.37	0.26	0.04	2.25	0.43	32.1	5.19	20.66	43.89	0.16	252.1	696.26	42.57	0.06	131.14	4.69	3.13	88.03	47.278499999999994		FM	Template-based	4CGK	-0.0892	-59.2	0.16671836338726723	0.5087338174852003	0.00674	4.8999999999999915	0.05864696812820194	0.4650426765135106	2	-0.04546	0.14102	-3.6	3.6	0.19728	0.0158	0.57903	0.06116	61.69	5.81	45.365	7.135	35.75	5.16
138	T0950TS347_4	347s	11.04	30.12			-0.69	-0.69	6.87		6.55	4.27	15.064	15.727	103.0	0.0	0.0	0.0	0.0	0.0			-0.47	-0.47	18.71	14.335	2.28	5.07	2.2	68.0	7.2	2.94	0.09		0.14	0.11	0.07	3.21	0.5	12.62	4.74	7.92	18.24	0.14	213.7	4.8	71.07	0.03	33.06	3.3	0.99	90.1	47.278499999999994		FM	Template-based	5j65_A	-0.02122	15.899999999999991	0.08438874204586165	0.41253786165340467	0.01596	34.89999999999999	0.07053823681241515	0.4132178587979822	2														
139	T0950TS266_3	266s	11.04	100.0			-0.69	-0.69	7.89		2.65	4.17	58.467	58.624	342.0	0.0	0.0	0.0	0.0	0.0			-0.47	-0.47	27.49	19.953	2.21	3.19	6.4	165.0	13.3	2.78	0.25	19.59	0.44	0.32	0.02	2.26	0.61	65.8	5.73	18.76	50.7	0.15	656.2	1941.28		0.09	59.48	2.81	0.57	96.87	47.278499999999994		FM	Template-based	4lws_A	-0.00659	22.0	0.12319732157613963	0.47031556154135584	0.00109	40.8	0.03579276238166053	0.4664590780358403	2	0.0723	0.17366	-3.6	3.6	0.18973	0.01638	0.46324	0.01602	66.84	0.66	50.515	1.985	40.5	1.14
140	T0950TS266_2	266s	11.04	100.0			-0.69	-0.69	8.99		2.55	5.84	59.795	59.869	342.0	2.0	0.0	0.0	0.0	0.0			-0.47	-0.47	22.51	19.67	2.0	2.15	6.1	163.0	55.7	2.8	0.24	19.01	0.42	0.29	-0.02	2.51	0.5	47.5	4.58	19.16	49.05	0.14	579.1	2027.04		0.08	74.78	1.25	1.14	94.3	47.278499999999994		FM	Template-based	4lws_A	-0.05275	-58.800000000000004	0.13078003126711701	0.4932244929875377	0.00109	40.8	0.03579276238166053	0.4664590780358403	2	0.14214	0.20912	-3.6	3.6	0.17389	0.01504	0.62435	0.03707	65.885	4.115	48.825	6.175	40.95	4.69
141	T0950TS004_4	004s	10.96	56.14			-0.7	-0.7	7.82		3.23	4.33	34.162	34.212	192.0	0.0	0.0	0.0	0.0	11.99			-0.47	-0.47	16.37	13.253	2.04	2.68	0.8	62.0	5.3	1.34	0.16		0.25	0.17	0.07	2.97	0.51	19.87	2.58	12.11	30.26	0.16	193.7	77.98	34.65	0.05	0.0	4.73	1.58	95.26	47.278499999999994		FM	Template-based	1khy_B	-0.02943	-28.300000000000004	0.10307544673240761	0.420468106377134	0.03273	40.8	0.11908485491329998	0.492789229287766	2														
142	T0950TS004_5	004s	10.89	100.0			-0.71	-0.71	7.61		1.14	3.28	41.758	41.943	342.0	0.0	0.0	0.0	0.0	0.0			-0.47	-0.47	20.47	14.23	2.26	2.02	6.0	80.0	8.1	1.19	0.26	19.74	0.43	0.28	0.13	1.99	0.52	37.3	3.89	24.37	48.55	0.16	267.0	170.08	29.05	0.08	0.0	2.5	0.28	94.3	47.278499999999994		FM	Template-based	5f98_K	-0.04134	-57.400000000000006	0.13415059187277262	0.40490288073558767	0.0112	-37.800000000000004	0.16110997664816526	0.5348174832546382	2	0.00865	0.11806	-3.6	3.6	0.1822	0.05609	0.39323	0.0104	62.5	12.5	44.705	15.295	36.105	12.255
143	T0950TS004_1	004s	10.89	100.0	-0.74	-0.74	-0.71	-0.71	7.61	-0.69	1.14	3.28	41.758	41.943	342.0	0.0	0.0	0.0	0.0	0.0	-0.51	-0.51	-0.47	-0.47	20.47	14.23	2.26	2.02	6.2	53.0	2.6	1.17	0.26	19.74	0.43	0.28	0.13	1.99	0.52	37.3	3.89	24.37	48.55	0.16	208.7	170.08	29.05	0.08	0.0	2.5	0.28	94.59	47.278499999999994		FM	Template-based	5xei_A	-0.04126	-57.400000000000006	0.13415922912099512	0.4049010118855652	-0.039	-58.7	0.13717004310712294	0.5031643610341259	2	0.01	0.11939	-3.6	3.6	0.18222	0.05608	0.39341	0.01045	62.5	12.5	44.705	15.295	36.105	12.255
144	T0950TS458_4	458s	10.82	100.0			-0.73	-0.73	8.04		2.84	5.51	82.3	82.406	342.0	3.0	0.0	0.0	0.0	0.0			-0.47	-0.47	18.13	14.18	2.33	2.93	2.2	52.0	42.5	3.44	0.28	23.25	0.48	0.34	0.03	2.56	0.48	62.5	5.19	22.59	57.21	0.15	179.6	2507.87	63.07	0.1	31.8	10.0	6.84	82.62	47.278499999999994		FM	Free-model	NA	-0.12818	-59.2	0.07398885257911593	0.49412541019897216					2	0.0147	0.16613	-3.6	3.6	0.15688	0.02623	0.46186	0.02392	63.9	3.6	47.06	2.94	37.325	2.675
145	T0950TS458_1	458s	10.82	100.0	-0.75	-0.75	-0.73	-0.73	7.89	-0.61	3.24	5.3	82.392	82.727	342.0	2.0	0.0	0.0	0.0	0.0	-0.51	-0.51	-0.47	-0.47	17.25	12.226	2.04	2.93	2.8	62.0	45.3	3.29	0.29	23.83	0.5	0.36	0.04	2.65	0.45	73.1	5.04	23.01	59.36	0.13	164.3	2462.86	57.54	0.09	28.53	8.44	5.41	86.04	47.278499999999994		FM	Free-model	NA	-0.08236	-59.2	0.06843080898444102	0.4613640948981285					2	0.01926	0.21747	-3.5	3.7	0.21765	0.01076	0.43515	0.01278	66.1	1.4	48.53	1.47	37.85	0.76
146	T0950TS348_1	348s	10.67	100.0	-0.77	-0.77	-0.75	-0.75	5.34	-1.33	1.09	3.1	47.016	47.433	342.0	71.0	0.0	0.0	0.0	0.0	-0.51	-0.51	-0.47	-0.47	21.64	13.737	2.63	2.8	0.0	0.0		3.56	0.21	12.65	0.3	0.33	0.36	1.98	0.51	1.1	5.46	25.73	37.17	0.17		186.12	55.82	0.04	156.64	0.31	21.08	61.54	47.278499999999994		FM	Free-model	NA	-0.70689	-59.2	0.4332651905124697	0.40279080041626125					2					0.54652	0.02376	0.47481	0.09854	62.43	5.07	44.12	5.88	36.535	4.555
147	T0950TS458_2	458s	10.67	100.0			-0.75	-0.75	8.04		3.44	5.66	82.297	82.573	342.0	2.0	0.0	0.0	0.0	0.29			-0.47	-0.47	18.13	13.628	1.96	2.15	1.4	138.0	76.2	3.62	0.27	22.37	0.46	0.33	0.01	2.6	0.46	62.0	5.19	22.56	55.9	0.13	321.5	2495.91	60.34	0.07	38.5	12.19	8.26	80.06	47.278499999999994		FM	Free-model	NA	-0.16474	-59.2	0.07682212722705603	0.5051948629294297					2	-0.02836	0.14144	-3.6	3.6	0.17737	0.01108	0.49616	0.02171	63.16	4.34	47.575	4.925	38.77	4.87
148	T0950TS348_2	348s	10.45	100.0			-0.78	-0.78	5.19		1.62	2.58	46.955	47.348	342.0	56.0	0.0	0.0	0.0	0.0			-0.47	-0.47	23.98	14.063	2.52	3.06	0.0	0.0		3.48	0.21	12.67	0.3	0.33	0.36	2.04	0.5	0.5	5.46	26.3	38.59	0.17		188.08	57.37	0.04	130.68	0.31	16.81	62.11	47.278499999999994		FM	Free-model	NA	-0.70897	-59.2	0.44730357983862373	0.42295476002305665					2	-0.55068	0.16222	-3.6	3.6	0.55502	0.01353	0.32927	0.08788	57.94	2.06	38.9	3.6	31.52	3.93
149	T0950TS470_2	470s	10.45	100.0			-0.78	-0.78	7.53		2.5	5.17	43.973	44.296	342.0	2.0	0.0	0.0	0.0	0.0			-0.47	-0.47	25.15	17.166	2.33	3.06	3.9	115.0	5.3	2.36	0.26	20.76	0.46	0.33	0.05	2.27	0.43	35.0	4.89	24.42	53.73	0.15	457.5	567.79	30.33	0.09	15.81	1.56	1.42	91.17	47.278499999999994		FM	Template-based	3S84	-0.05802	-59.1	0.09469247167107113	0.43211281427285503	0.01249	37.2	0.05213076576328944	0.4958715729686241	2	0.00043	0.06443	-3.6	3.6	0.20986	0.02723	0.34996	0.00415	62.94	7.06	45.365	7.135	37.315	7.045
150	T0950TS348_5	348s	10.45	100.0			-0.78	-0.78	5.04		1.17	2.83	47.151	47.653	342.0	38.0	0.0	0.0	0.0	0.0			-0.47	-0.47	21.35	13.191	2.6	2.67	0.0	0.0		3.7	0.22	13.67	0.32	0.33	0.36	2.04	0.5	0.5	5.46	24.55	37.69	0.19		183.56	51.28	0.04	143.3	0.62	47.58	21.94	47.278499999999994		FM	Free-model	NA	-0.64726	-59.2	0.6813584729072392	0.42024814323948445					2	-0.24194	0.09457			0.65004	0.03367	0.46433	0.02955	59.93	2.57	42.135	5.365	34.41	4.14
151	T0950TS348_4	348s	10.31	100.0			-0.81	-0.81	5.19		0.46	2.38	46.888	47.342	342.0	15.0	0.0	0.0	0.0	0.0			-0.47	-0.47	23.1	14.023	2.63	3.97	0.0	0.0		3.6	0.23	14.4	0.36	0.35	0.35	2.03	0.51	6.3	5.46	26.85	40.87	0.17		178.12	57.46	0.06	130.9	0.94	27.35	39.89	47.278499999999994		FM	Free-model	NA	-0.78511	-59.2	0.34008235066371834	0.4513658314617412					2	-0.67529	0.06943	-3.6	3.6	0.32983	0.07063	0.44135	0.03148	58.97	6.03	39.925	7.575	31.46	6.54
152	T0950TS085_2	085s	10.23	100.0			-0.82	-0.82	6.87		1.71	3.23	54.923	55.195	342.0	0.0	0.0	0.0	0.0	0.0			-0.47	-0.47	23.1	17.782	2.39	3.71	5.5	86.0	6.9	2.37	0.26	25.0	0.5	0.36	0.04	2.25	0.5	42.6	5.46	21.19	57.92	0.15	312.8	1021.39	84.5	0.11	35.93	0.31	1.71	95.16	47.278499999999994		FM	Free-model	NA	-0.11394	-59.2	0.0754871813631159	0.4035440685794238					2	0.10111	0.16247	-3.6	3.6	0.18761	0.00581	0.42387	0.08327	66.105	1.395	49.265	0.735	39.605	0.035
153	T0950TS164_4	164s	10.16	100.0			-0.83	-0.83	6.87		1.51	3.19	54.969	55.253	342.0	0.0	0.0	0.0	0.0	0.0			-0.47	-0.47	23.39	17.882	2.14	3.19	5.3	131.0	28.4	2.56	0.26	24.41	0.49	0.36	0.04	2.26	0.51	40.5	4.89	21.07	57.9	0.15	520.3	1021.97	82.0	0.1	42.81	0.62	2.85	92.88	47.278499999999994		FM	Template-based	5j1iA	-0.09147	-59.2	0.08162594079793727	0.4068972545014097	0.00824	40.8			2	0.0635	0.11798	-3.6	3.6	0.19618	0.00517	0.34514	0.02032	68.825	1.175	51.25	1.25	42.105	0.465
154	T0950TS348_3	348s	10.09	100.0			-0.84	-0.84	4.68		0.58	2.2	46.93	47.333	342.0	26.0	0.0	0.0	0.0	0.0			-0.47	-0.47	23.1	13.857	2.57	6.04	0.0	0.0		3.38	0.22	12.07	0.32	0.33	0.36	2.04	0.51	1.7	5.33	26.08	38.25	0.18		182.48	57.8	0.04	97.69	0.0	16.52	58.97	47.278499999999994		FM	Free-model	NA	-0.68747	-59.2	0.47757929131541477	0.43187172294646525					2					0.5326	0.00459	0.43641	0.08141	62.94	7.06	43.9	8.6	34.59	6.68
155	T0950TS407_4	407s	10.02	100.0			-0.85	-0.85	7.24		1.26	3.12	42.278	42.401	342.0	4.0	0.0	0.0	0.0	0.0			-0.47	-0.47	18.42	14.02	2.33	3.45	2.3	137.0	26.1	2.73	0.32	28.8	0.51	0.37	0.14	1.7	0.48	66.1	3.5	25.73	61.49	0.16	416.6	127.2	44.57	0.1	11.52	7.5	3.99	92.02	47.278499999999994		FM	Free-model	NA	-0.03475	-56.5	0.05717595214077348	0.502019726832266					2	0.05338	0.1182	-3.6	3.6	0.15177	0.02885	0.55333	0.09126	75.365	12.135	59.045	13.455	49.59	12.05
156	T0950TS432_5	432s	9.87	100.0			-0.88	-0.88	7.53		3.18	5.25	55.141	55.366	342.0	0.0	0.0	0.0	0.0	0.0			-0.47	-0.47	27.78	21.772	1.82	1.37	6.3	145.0	9.1	3.61	0.22	16.81	0.39	0.24	-0.02	2.07	0.52	50.5	5.04	23.12	42.95	0.12	597.6	1118.59	41.16	0.07	118.43	4.69	3.13	89.46	47.278499999999994		FM	Template-based	4ILO	-0.06564	-59.1	0.17715978501729304	0.5254164566890093	0.02204	40.2	0.07173540488892026	0.4348656755263796	2	-0.07848	0.0091	-3.6	3.6	0.17777	0.00899	0.56359	0.06942	67.575	0.075	50.0	0.0	40.085	0.445
157	T0950TS085_4	085s	9.79	100.0			-0.89	-0.89	6.58		2.81	4.71	43.492	43.679	342.0	1.0	0.0	0.0	0.0	6.43			-0.47	-0.47	20.18	14.218	2.27	2.02	3.2	62.0	3.1	2.62	0.26	21.78	0.44	0.31	0.14	1.93	0.51	41.1	2.58	21.46	51.19	0.14	243.1	101.96		0.1	37.81	1.25	1.71	92.02	47.278499999999994		FM	Free-model	NA	-0.09954	-59.2	0.1139237003376156	0.4285612510639945					2	0.07711	0.10822	-2.5	2.5	0.2448	0.00024	0.4486	0.01846	63.9	3.6	44.855	5.145	36.07	3.02
158	T0950TS023_2	023s	9.79	100.0			-0.89	-0.89	6.29		1.85	4.24	38.317	38.561	342.0	13.0	0.0	0.0	0.0	0.58			-0.47	-0.47	19.59	12.97	2.53	2.54	1.0	99.0	8.0	4.23	0.3	30.56	0.45	0.33	0.13	1.98	0.51	52.8	3.5	21.65	56.78	0.15	238.3	94.23	83.32	0.1	324.85	10.0	1.14	91.45	47.278499999999994		FM	Free-model	NA	-0.19058	-59.2	0.04905640195058255	0.5256987722218879					2	-0.07095	0.18691	-3.6	3.6	0.16395	0.04594	0.45985	0.07381	67.135	5.365	51.03	3.97	41.715	2.465
159	T0950TS085_5	085s	9.79	100.0			-0.89	-0.89	6.58		2.81	4.71	43.492	43.679	342.0	1.0	0.0	0.0	0.0	6.43			-0.47	-0.47	20.18	14.218	2.27	2.02	3.2	62.0	3.1	2.62	0.26	21.78	0.44	0.31	0.14	1.93	0.51	41.1	2.58	21.46	51.19	0.14	243.1	101.96		0.1	37.81	1.25	1.71	92.02	47.278499999999994		FM	Free-model	NA	-0.09954	-59.2	0.1139237003376156	0.4285612510639945					2	0.07711	0.10822	-2.5	2.5	0.2448	0.00024	0.4486	0.01846	63.9	3.6	44.855	5.145	36.07	3.02
160	T0950TS160_2	160s	9.79	100.0			-0.89	-0.89	6.8		1.52	3.66	62.581	63.085	342.0	1.0	0.0	0.0	0.0	0.0			-0.47	-0.47	19.88	14.678	2.16	1.63	5.2	80.0	5.2	3.35	0.26	21.05	0.44	0.33	0.05	2.33	0.52	38.8	3.7	21.39	52.67	0.15	314.0	2096.21	89.76	0.08	93.16	5.0	1.71	94.3	47.278499999999994		FM	Template-based	5j1i_A	-0.07095	-59.2	0.09510100683870373	0.49398857759669984	0.00824	40.8			2	0.13804	0.13744	-3.45	3.45	0.13994	0.04083	0.45818	0.01453	65.59	0.59	48.015	0.515	37.77	0.23
161	T0950TS023_1	023s	9.72	100.0	-0.91	-0.91	-0.9	-0.9	6.73	-0.94	2.13	4.29	36.545	36.789	342.0	10.0	0.0	0.0	0.29	0.0	-0.48	-0.48	-0.43	-0.43	15.79	9.959	2.56	3.32	0.3	98.0	36.7	4.05	0.3	28.95	0.44	0.31	0.21	1.91	0.53	35.7	3.89	25.64	55.03	0.15	232.9	56.69	82.46	0.09	321.07	5.0	3.42	89.46	47.278499999999994		FM	Free-model	NA	-0.23768	-59.2	0.05914119273717198	0.4960771460808093					2	-0.0907	0.29109	-3.6	3.6	0.1677	0.02808	0.54944	0.00919	66.395	6.105	48.085	6.915	39.64	5.63
162	T0950TS347_1	347s	9.58	30.12	-0.93	-0.93	-0.92	-0.92	6.58	-0.98	6.31	3.7	20.031	20.732	103.0	0.0	0.0	0.0	0.0	0.0	-0.51	-0.51	-0.47	-0.47	15.5	12.545	2.28	2.99	3.2	58.0	3.5	2.49	0.09		0.14	0.11	0.07	3.23	0.5	13.25	3.5	6.65	18.84	0.11	243.1	4.5	74.63	0.02	17.71	2.2	1.98	92.08	47.278499999999994		FM	Template-based	5j65_A	-0.01448	30.5	0.06316734907895558	0.44874640349586176	0.01596	34.89999999999999	0.07053823681241515	0.4132178587979822	2														
163	T0950TS441_1	441s	9.21	100.0	-0.98	-0.98	-0.98	-0.98	5.92	-1.16	1.72	3.74	40.091	40.654	342.0	14.0	0.0	0.0	0.0	0.58	-0.51	-0.51	-0.47	-0.47	22.51	15.22	2.55	2.41	1.4	85.0	4.1	4.35	0.26	22.95	0.41	0.26	0.01	2.46	0.5	39.4	4.25	26.6	51.13	0.15	253.2	138.53	91.69	0.08	286.01	10.31	5.7	84.33	47.278499999999994		FM	Free-model	NA	-0.36244	-59.2	0.11621684169175271	0.4846971334336959					2	-0.20662	0.23938	-3.6	3.6	0.24433	0.00165	0.3532	0.0076	71.03	1.03	51.985	0.515	42.09	0.27
164	T0950TS441_2	441s	9.21	100.0			-0.98	-0.98	5.41		1.08	3.24	39.587	40.088	342.0	14.0	0.0	0.0	0.0	2.05			-0.47	-0.47	22.51	15.436	2.51	2.41	0.9	110.0	10.6	4.4	0.27	23.1	0.4	0.26	0.03	2.43	0.5	30.7	4.07	22.5	50.52	0.15	263.5	101.72	92.81	0.07	309.9	8.75	6.27	79.77	47.278499999999994		FM	Free-model	NA	-0.39936	-59.2	0.11254649392799612	0.5255462050347665					2	-0.34893	0.0595	-3.6	3.6	0.2284	0.07059	0.45302	0.07828	70.81	1.69	53.97	1.03	44.015	0.165
165	T0950TS497_5	497s	9.21	100.0			-0.98	-0.98	6.87		3.25	4.08	56.709	57.093	342.0	2.0	0.0	0.0	0.0	0.0			-0.47	-0.47	13.74	8.041	2.8	1.11	2.3	140.0	32.8	3.21	0.28	25.29	0.47	0.35	0.03	2.43	0.54	58.1	2.83	20.27	56.02	0.14	380.6	955.05	79.05	0.1	32.49	8.12	3.7	90.88	47.278499999999994		FM	Free-model	NA	-0.09937	-59.2	0.06952551792950898	0.46975243382562754					2	-0.1179	0.0388	-3.6	3.6	0.2049	0.03771	0.47042	6e-05	70.59	4.41	55.0	5.0	44.15	2.76
166	T0950TS152_4	152s	9.14	100.0			-0.99	-0.99	5.7		1.42	2.97	42.345	42.677	342.0	6.0	0.0	0.0	0.29	0.88			-0.43	-0.43	18.13	11.524	2.74	1.5	0.0	0.0		4.24	0.28	25.0	0.43	0.26	0.06	2.3	0.49	47.1	2.83	23.1	52.82	0.15		62.96	75.89	0.08	102.1	23.44	7.41	80.91	47.278499999999994		FM	Free-model	NA	-0.25588	-59.2	0.0828886961402389	0.5245753842326254					2	-0.2619	0.11074	-3.6	3.6	0.22251	0.02451	0.52999	0.03323	65.59	0.59	47.28	0.22	36.99	0.44
167	T0950TS152_3	152s	8.92	100.0			-1.03	-1.03	5.49		0.61	2.57	41.287	41.51	342.0	4.0	0.0	0.0	0.88	5.56			-0.35	-0.35	21.64	13.756	2.77	2.15	0.7	122.0	35.1	4.14	0.3	28.07	0.45	0.27	0.18	2.26	0.5	54.2	2.58	23.5	54.09	0.16	280.8	48.15	76.92	0.07	100.72	19.69	9.12	83.19	47.278499999999994		FM	Free-model	NA	-0.21528	-59.2	0.07663225432706236	0.5669275378424683					2	-0.08716	0.05252	-3.5	3.5	0.22078	0.04942	0.46252	0.07115	68.825	1.175	50.515	1.985	40.395	0.035
168	T0950TS152_1	152s	8.77	100.0	-1.04	-1.04	-1.05	-1.05	5.49	-1.29	1.17	2.87	42.423	42.656	342.0	3.0	0.0	0.0	0.0	6.73	-0.51	-0.51	-0.47	-0.47	18.13	12.801	2.45	1.63	0.0	0.0		4.0	0.29	24.56	0.46	0.28	0.06	2.32	0.53	46.3	3.29	22.77	55.11	0.14		83.28	75.9	0.07	81.64	17.81	7.12	84.62	47.278499999999994		FM	Free-model	NA	-0.21909	-59.2	0.07322553306183763	0.5261743065597654					2	-0.14769	0.09798	-3.6	3.6	0.19379	0.00239	0.57085	0.00082	66.915	8.085	49.12	10.88	38.395	8.875
169	T0950TS023_3	023s	8.77	100.0			-1.05	-1.05	6.21		1.5	4.23	34.826	35.149	342.0	11.0	0.0	0.0	0.0	0.0			-0.47	-0.47	14.33	10.961	2.28	1.76	1.2	47.0	5.9	4.31	0.3	27.19	0.44	0.31	0.23	1.75	0.53	49.4	2.83	26.79	55.65	0.15	108.7	52.93	84.17	0.08	319.35	10.0	4.27	88.03	47.278499999999994		FM	Free-model	NA	-0.20852	-59.2	0.05151884831404131	0.5564805422404707					2	0.07234	0.23842	26.8	34.0	0.14145	0.01399	0.57644	0.0599	73.31	4.19	55.735	4.265	45.75	2.43
170	T0950TS152_5	152s	8.77	100.0			-1.05	-1.05	5.48		1.55	2.92	40.702	40.981	342.0	2.0	0.0	0.0	5.85	9.65			0.35	0.35	17.25	11.905	1.93	1.76	0.8	90.0	4.7	4.11	0.29	24.85	0.43	0.26	0.13	2.35	0.55	45.7	2.58	22.98	51.8	0.16	225.5	54.78	77.08	0.07	93.16	17.5	8.26	80.34	47.278499999999994		FM	Free-model	NA	-0.26669	-59.2	0.0787102610294298	0.5470075286400681					2	-0.12076	0.47422	46.35	53.55	0.22263	0.01033	0.49073	0.06319	69.34	3.16	52.5	2.5	41.18	1.18
171	T0950TS497_2	497s	8.77	100.0			-1.05	-1.05	6.58		2.72	4.99	56.962	57.269	342.0	3.0	0.0	0.0	0.0	0.0			-0.47	-0.47	17.25	11.352	2.22	1.5	2.8	42.0	4.9	3.13	0.28	24.12	0.48	0.34	0.06	2.47	0.51	59.3	2.83	20.42	56.09	0.11	122.7	910.36	94.72	0.1	25.61	6.56	4.56	87.18	47.278499999999994		FM	Free-model	NA	-0.15443	-59.2	0.07007708138051467	0.4848231828089603					2	-0.11734	0.03802	-3.6	3.6	0.16659	0.00543	0.39157	0.00258	66.84	0.66	51.25	1.25	41.295	0.205
172	T0950TS497_4	497s	8.7	100.0			-1.06	-1.06	6.14		1.38	3.0	56.353	56.719	342.0	4.0	0.0	0.0	0.29	2.34			-0.43	-0.43	15.79	10.758	2.59	1.24	1.0	95.0	39.2	3.52	0.27	22.81	0.47	0.33	0.06	2.56	0.53	50.3	2.3	20.09	55.17	0.12	229.5	964.61	84.98	0.09	34.2	11.56	7.69	82.91	47.278499999999994		FM	Free-model	NA	-0.17073	-59.2	0.07449828515396498	0.495529812685073					2	-0.04798	0.0798	-3.6	3.6	0.19105	0.00023	0.59756	0.08627	66.325	1.325	50.735	0.735	41.465	1.105
173	T0950TS497_1	497s	8.7	100.0	-1.05	-1.05	-1.06	-1.06	6.58	-0.98	1.52	3.83	54.136	54.589	342.0	5.0	0.0	0.0	0.0	0.29	-0.51	-0.51	-0.47	-0.47	20.47	14.117	2.39	0.98	2.3	83.0	8.2	3.19	0.28	23.98	0.48	0.36	0.06	2.16	0.51	66.0	3.07	20.29	57.64	0.12	207.4	795.43	94.19	0.09	24.75	8.12	7.69	87.18	47.278499999999994		FM	Free-model	NA	-0.10703	-59.2	0.07417644877284485	0.46708430778870763					2	-0.01496	0.07706	-3.6	3.6	0.16628	0.01332	0.43017	0.05725	69.335	3.165	51.765	3.235	41.805	2.015
174	T0950TS004_3	004s	8.63	100.0			-1.07	-1.07	5.92		1.86	3.02	34.23	34.688	342.0	0.0	0.0	0.0	0.0	0.0			-0.47	-0.47	14.91	11.419	2.63	2.28	1.8	78.0	9.5	1.19	0.24	19.88	0.44	0.29	0.17	2.26	0.5	32.3	3.5	21.77	49.27	0.12	223.3	271.86	24.11	0.09	0.17	2.5	1.42	95.44	47.278499999999994		FM	Template-based	4cej_B	-0.02758	-52.900000000000006	0.12221577520913691	0.4445948014248765	0.01529	-8.800000000000004	0.07154028546593189	0.5436787766820509	2	0.16461	0.19325	47.0	52.9	0.13252	0.01827	0.34621	0.025	66.325	1.325	50.735	0.735	41.14	0.5
175	T0950TS243_4	243s	8.55	100.0			-1.09	-1.09	5.78		2.0	3.42	35.233	35.533	342.0	7.0	0.0	0.0	0.0	0.0			-0.47	-0.47	16.96	10.529	2.56	2.02	0.0	0.0		4.03	0.3	28.66	0.45	0.33	0.29	1.73	0.46	41.4	2.58	22.77	54.96	0.15		52.24	88.98	0.09	242.18	6.25	3.42	88.6	47.278499999999994		FM	Free-model	NA	-0.151	-59.2	0.07716108719701889	0.5096280251259797					2	0.03972	0.27326	-3.55	3.65	0.15771	0.0065	0.48984	0.04416	71.325	3.675	53.75	3.75	44.55	3.27
176	T0950TS497_3	497s	8.11	100.0			-1.16	-1.16	6.0		1.75	3.7	56.634	57.019	342.0	1.0	0.0	0.0	0.0	2.05			-0.47	-0.47	14.91	11.293	2.24	1.37	1.1	150.0	67.3	3.34	0.27	20.61	0.47	0.34	0.04	2.38	0.51	62.8	4.07	19.28	55.49	0.12	319.1	967.31	94.75	0.09	30.25	9.69	6.27	86.61	47.278499999999994		FM	Free-model	NA	-0.15466	-59.2	0.07544294417957134	0.49310528702249484					2	-0.00878	0.06219	-3.6	3.6	0.15949	0.00645	0.42158	0.02531	71.325	3.675	55.0	5.0	43.65	1.62
177	T0950TS152_2	152s	8.11	100.0			-1.16	-1.16	4.97		1.35	2.98	41.119	41.559	342.0	5.0	0.0	0.0	0.0	0.0			-0.47	-0.47	15.5	10.602	2.5	0.47	0.0	0.0		4.25	0.27	22.52	0.43	0.25	0.06	2.51	0.5	35.1	3.07	23.22	50.5	0.14		77.33	74.56	0.07	100.21	21.25	9.97	76.92	47.278499999999994		FM	Free-model	NA	-0.29738	-59.2	0.08212370496655202	0.5153835571067645					2	-0.29754	0.05674	-3.6	3.6	0.18414	0.03128	0.56073	0.01938	69.115	5.885	52.06	7.94	41.03	6.06
178	T0950TS007_5	007s	8.11	100.0			-1.16	-1.16	5.33		1.93	3.19	64.454	64.736	342.0	0.0	0.0	0.0	0.0	0.0			-0.47	-0.47	17.54	13.272	2.16	1.76	3.4	77.0	4.1	3.27	0.22	16.08	0.37	0.24	-0.01	2.37	0.5	23.7	3.7	17.55	41.63	0.14	272.7	1695.98	93.09	0.06	86.8	4.06	1.99	94.02	47.278499999999994		FM	Template-based	4r0g_A	-0.02977	-43.6	0.17232810657691233	0.5020378907286611	-0.07262	-43.300000000000004	0.08762558232624151	0.5580747647506533	2	0.12744	0.1609	6.8	13.9	0.23693	0.02195	0.50109	0.01807	55.735	4.265	40.66	6.84	32.27	5.0
179	T0950TS007_4	007s	7.75	100.0			-1.21	-1.21	4.75		1.24	2.19	53.026	53.034	342.0	8.0	0.0	0.0	0.0	0.29			-0.47	-0.47	18.42	11.597	2.59	0.85	0.0	0.0		3.9	0.18	10.82	0.31	0.15	-0.07	2.4	0.49	24.9	3.29	16.62	31.77	0.14		704.0	92.85	0.05	174.8	5.0	5.7	84.33	47.278499999999994		FM	Template-based	1ynb_A	-0.1923	-59.2	0.23017653289600898	0.5003877634483732	0.01099	-26.6	0.1015458595391078	0.48496751956723294	2	-0.01041	0.28819	-2.75	4.45	0.20508	0.02	0.49522	0.07552	63.455	9.045	46.395	11.105	37.855	8.875
180	T0950TS007_3	007s	6.94	100.0			-1.34	-1.34	5.26		1.15	2.96	88.53	88.946	342.0	0.0	0.0	0.0	0.0	0.0			-0.47	-0.47	18.42	13.524	2.56	0.72	0.1	106.0	57.8	3.46	0.16	12.72	0.31	0.16	-0.06	2.86	0.53	19.5	3.07	13.03	32.19	0.1	192.4	3483.88	94.38	0.04	91.78	6.56	2.28	93.73	47.278499999999994		FM	Template-based	1ynb_A	-0.03316	-50.6	0.23920167260475506	0.5098542958319976	0.01099	-26.6	0.1015458595391078	0.48496751956723294	2	0.12582	0.22258	-3.6	3.6	0.12429	0.00761	0.42784	0.06282	67.135	5.365	48.825	6.175	39.345	5.015
181	T0950TS007_1	007s	6.36	100.0	-1.38	-1.38	-1.43	-1.43	4.17	-1.66	0.77	1.97	79.97	80.651	342.0	2.0	0.0	0.0	1.17	2.92	-0.37	-0.37	-0.31	-0.31	16.37	9.717	2.69	-0.44	0.0	0.0		3.6	0.17	9.36	0.3	0.13	0.01	2.47	0.5	18.7	3.29	19.55	29.53	0.11		1634.14	94.5	0.03	116.88	4.38	5.7	88.6	47.278499999999994		FM	Template-based	4uy8_E	-0.09512	-59.2	0.26650830367395817	0.4715464167839808	-0.15894	-59.2	0.21569568218113105	0.4839232345818648	2	0.10622	0.21904	-3.5	3.7	0.25525	0.01878	0.42988	0.00632	63.9	3.6	45.59	4.41	37.685	4.315
182	T0950TS007_2	007s	6.14	100.0			-1.47	-1.47	3.65		1.0	2.22	58.548	59.133	342.0	105.0	0.0	0.0	0.0	2.05			-0.47	-0.47	15.5	10.161	2.52	0.08	0.0	0.0		4.84	0.06	5.26	0.22	0.05	-0.07	2.34	0.49	19.5	2.3	17.76	16.68	0.12		1652.16	95.35	0.03	302.78	20.31	20.31	60.31	47.278499999999994		FM	Template-based	4uy8_E	-0.35824	-59.2	0.3508983556478255	0.5546070686715285	-0.15894	-59.2	0.21569568218113105	0.4839232345818648	2	-0.21803	0.5138	-3.55	3.65	0.31704	0.03067	0.61134	0.01783	47.65	12.35	36.47	8.53	29.14	6.68
