	Model	GR#	GDT_TS	NP_P	Z-M1-GDT	Z-M1s-GDT	Z-MA-GDT	Z-MAs-GDT	GDT_HA	Z-M1s-GDT-HA	GDC_SC	GDC_ALL	RMS_CA	RMS_ALL	NP	err	PC01	PC05	AL0_P	AL4_P	Z-M1-AL0_p	Z-M1s-AL0_p	Z-MA-AL0_p	Z-MAs-AL0_p	ALI_P	LGA_S	RMSD[L]	Z-score[M]	Z-Score[D]	Al.Res.	RMSD[D]	MolPrb_Score	LDDT	SphGr	CAD_AA	RPF	CODM	DFM	Handed.	SOV	CE	QCS	CONTS	TMscore	Dali(raw)	FlexE	QSE	CAD_SS	MolPrb_clash	MolPrb_rotout	MolPrb_ramout	MolPrb_ramfv	Target_difficulty	Target_Neff	Target_classification	Target_title	Target_PDB_code	Model_DipDiff	Model_ChiDiff	Model_CaBLAMdiff	Model_DipCaBLAM_corr	Model_BBscore	Model_SCscore
0	Starting	model		79.21						60.75		36.42		2.24	3.18														7.43	14.3	104.0	2.0	1.58	0.69	83.64	0.67	0.76	0.96	0.2	0.92	97.5	5.86	92.22	79.07	0.83	687.1	4.39									PitA   							
1	R1091-D2TS335_1	335	90.65	100.0	1.13		1.09		76.87		43.84	62.59	1.634	2.41	107.0	0.0	0.0	0.0	92.52	95.33	0.98		0.86		95.33	93.835	1.26	7.76	17.2	106.0	1.5	0.5	0.76	92.06	0.72	0.79	0.98	0.09	0.95	97.6	6.23	95.34	86.66	0.9	809.0	1.65	95.41	0.55	0.0	0.0	0.95	99.05				PitA   		0.0159	66.9	-0.00024	0.09502606104024769	0.05326354493720709	0.33747747816814305
2	R1091-D2TS335_2	335	88.78	100.0			0.95		74.77		46.36	64.0	1.687	2.599	107.0	0.0	0.0	0.0	90.65	94.39			0.76		94.39	93.11	1.34	7.76	16.9	106.0	1.6	0.5	0.76	84.58	0.71	0.79	0.97	0.14	0.95	97.2	6.11	94.74	84.77	0.9	799.4	2.15	94.05	0.57	0.0	0.0	0.95	99.05				PitA   		-0.00439	16.200000000000003	0.00248	0.059952295783457905	0.06647340220188354	0.32177435183567343
3	R1091-D2TS013_2	013s	88.32	100.0			0.92	0.76	75.23		43.14	62.03	1.718	2.647	107.0	0.0	0.0	0.0	89.72	94.39			0.71	0.63	94.39	93.208	1.47	7.65	16.8	106.0	1.6	0.5	0.74	85.05	0.7	0.78	0.97	0.15	0.94	92.9	5.99	94.63	84.15	0.89	793.3	2.41	93.97	0.55	0.0	0.0	0.0	98.1				PitA   		-0.00929	7.700000000000003	-0.01395	0.1606099803217411	0.07836360560318094	0.377412925782288
4	R1091-D2TS013_3	013s	87.62	100.0			0.87	0.74	73.13		41.44	59.41	1.749	2.583	107.0	0.0	0.0	0.0	89.72	95.33			0.71	0.63	95.33	92.888	1.49	7.88	16.2	106.0	1.7	0.5	0.73	89.25	0.7	0.77	0.97	0.12	0.94	99.4	6.11	95.02	85.52	0.88	769.2	1.85	94.96	0.49	0.0	0.0	0.0	98.1				PitA   		-0.0331	-21.0	-0.00839	0.29201006649205924	0.06228981392145596	0.3350934628429167
5	R1091-D2TS335_5	335	86.45	100.0			0.79		75.47		44.2	61.09	2.811	3.212	107.0	0.0	0.0	0.0	86.92	95.33			0.56		95.33	90.818	1.57	7.76	16.2	103.0	1.7	0.5	0.76	86.45	0.72	0.79	0.95	0.19	0.92	85.7	5.99	94.6	83.89	0.86	761.0	4.84	91.58	0.61	0.0	0.0	1.9	98.1				PitA   		-0.01562	-9.999999999999998	-0.01475	0.2867069493864434	0.08124318915107762	0.34513672620370467
6	R1091-D2TS013_1	013s	86.45	100.0	0.82	0.69	0.79	0.69	72.89	0.91	42.95	58.95	1.851	2.686	107.0	0.0	0.0	0.0	91.59	94.39	0.92	0.67	0.81	0.69	94.39	92.4	1.52	7.54	16.2	106.0	1.8	0.89	0.74	86.45	0.69	0.78	0.97	0.13	0.94	86.8	6.11	94.53	83.96	0.87	769.6	2.06	94.15	0.52	0.0	0.0	1.9	94.29				PitA   		-0.01303	-10.2	-0.03362	0.18085518647372278	0.06813452817589877	0.34982007117168995
7	R1091-D2TS323_1	323	86.22	100.0	0.8		0.77		72.43		44.56	57.42	2.157	2.925	107.0	7.0	0.0	0.0	85.98	90.65	0.58		0.5		90.65	89.728	1.28	7.21	16.0	104.0	1.8	2.71	0.76	84.11	0.71	0.78	0.97	0.17	0.93	97.6	5.99	94.39	83.79	0.86	761.0	3.32	93.04	0.58	11.36	11.46	0.0	95.24				PitA   		-0.05856	-23.4	0.03296	-0.09093543452964355	0.0839201153357222	0.31215917511292796
8	R1091-D2TS323_3	323	86.22	100.0			0.77		72.2		45.87	57.32	2.164	2.923	107.0	6.0	0.0	0.0	85.98	90.65			0.5		90.65	89.58	1.29	7.21	16.0	104.0	1.8	2.7	0.76	84.58	0.71	0.78	0.97	0.18	0.93	88.2	5.99	94.38	83.7	0.86	759.5	3.33	93.05	0.58	9.56	11.46	0.0	94.29				PitA   		-0.04911	-23.4	0.03471	-0.056496990029309135	0.08254964961706342	0.30029106980916587
9	R1091-D2TS323_2	323	85.75	100.0			0.74		71.26		44.77	58.86	2.159	2.957	107.0	5.0	0.0	0.0	85.05	91.59			0.45		91.59	89.543	1.27	7.21	15.8	103.0	1.8	2.54	0.75	83.64	0.7	0.78	0.97	0.18	0.93	96.0	5.99	94.2	83.49	0.86	751.1	3.45	93.11	0.58	7.77	13.54	0.0	96.19				PitA   		-0.04916	-23.4	0.02257	-0.06357173166504741	0.09251986045295951	0.31821117334542476
10	R1091-D2TS394_1	394	84.81	100.0	0.7		0.67		69.16		44.87	57.66	2.312	3.036	107.0	1.0	0.0	0.0	83.18	89.72	0.4		0.35		89.72	88.678	1.47	6.99	14.7	104.0	2.0	0.97	0.72	81.78	0.7	0.75	0.96	0.19	0.93	78.2	5.86	93.3	79.93	0.85	705.1	3.46	92.42	0.56	0.0	0.0	1.9	92.38				PitA   		-0.06374	-23.4	-0.01897	0.07972693641518773	0.08301123434567698	0.32380770671320974
11	R1091-D2TS323_4	323	84.58	100.0			0.65		69.63		46.06	59.28	2.248	3.0	107.0	5.0	0.0	0.0	85.05	91.59			0.45		91.59	90.105	1.51	7.21	15.8	103.0	1.8	3.03	0.74	83.18	0.7	0.78	0.96	0.2	0.93	97.6	5.99	93.96	83.05	0.86	749.8	3.3	93.03	0.56	15.55	13.54	1.9	92.38				PitA   		-0.048	-23.299999999999997	0.01476	0.09699387595072971	0.09269240621198396	0.3320794037962147
12	R1091-D2TS335_4	335	84.58	100.0			0.65		67.76		39.85	57.47	1.923	2.706	107.0	0.0	0.0	0.0	87.85	94.39			0.61		94.39	90.876	1.61	7.76	15.5	105.0	1.8	0.76	0.72	87.38	0.69	0.76	0.97	0.17	0.94	76.9	5.99	94.33	83.54	0.87	736.7	2.08	93.64	0.51	0.0	0.0	0.95	96.19				PitA   		-0.01578	-5.099999999999998	-0.02438	0.19082623997019216	0.08228857193237246	0.359946998303229
13	R1091-D2TS335_3	335	84.11	100.0			0.62		69.62		43.9	59.3	2.618	3.054	107.0	0.0	0.0	0.0	85.05	94.39			0.45		94.39	90.613	1.56	7.65	15.7	104.0	1.8	0.5	0.76	85.51	0.72	0.78	0.95	0.18	0.92	78.2	5.99	94.44	83.84	0.84	733.8	4.23	91.8	0.58	0.0	0.0	0.95	98.1				PitA   		-0.01824	-15.299999999999999	-0.02476	0.06426948724556897	0.09678857209383437	0.3166014608269461
14	R1091-D2TS071_1	071	83.41	100.0	0.59		0.57		66.12		39.38	52.94	2.157	3.138	107.0	2.0	0.0	0.0	85.05	91.59	0.52		0.45		91.59	89.67	1.57	7.43	14.9	103.0	1.8	1.03	0.7	82.24	0.67	0.76	0.96	0.21	0.93	92.4	5.86	92.76	79.63	0.84	712.3	3.57	91.11	0.53	0.0	0.0	1.9	90.48				PitA   		-0.05541	-23.299999999999997	-0.00055	0.27447612656101145	0.12097691802299464	0.3295138705154686
15	R1091-D2TS071_5	071	82.94	100.0			0.54		65.89		38.9	52.81	2.168	3.187	107.0	2.0	0.0	0.0	85.05	91.59			0.45		91.59	89.478	1.59	7.54	14.8	103.0	1.8	1.05	0.7	81.78	0.67	0.76	0.96	0.2	0.92	92.4	5.86	92.58	79.17	0.84	709.1	3.57	91.03	0.52	0.0	1.04	1.9	90.48				PitA   		-0.07804	-23.4	-0.00788	0.24396816936252227	0.12038743178992979	0.3316225139372973
16	R1091-D2TS470_1	470	82.94	100.0	0.56		0.54		63.78		37.42	51.7	2.208	3.137	107.0	1.0	0.0	0.0	85.05	91.59	0.52		0.45		91.59	88.117	1.68	7.54	14.2	103.0	1.9	1.12	0.69	79.86	0.67	0.73	0.96	0.2	0.93	92.33	5.86	92.08	78.14	0.84	680.8	3.77	89.78	0.5	0.0	1.04	2.86	87.62				PitA   		-0.05419	-23.2	-0.00855	0.06559308598255627	0.10502886388472081	0.32441094895374273
17	R1091-D2TS071_3	071	82.48	100.0			0.5		64.02		41.46	53.9	2.119	3.108	107.0	1.0	0.0	0.0	85.05	91.59			0.45		91.59	89.74	1.63	7.43	14.8	106.0	2.0	1.15	0.7	79.91	0.67	0.76	0.96	0.2	0.93	90.2	5.86	92.77	80.13	0.85	707.6	3.14	90.93	0.51	0.0	0.0	0.95	85.71				PitA   		-0.11924	-23.4	-0.0494	0.17417935712915128	0.12072249709214417	0.3312987622652433
18	R1091-D2TS220_4	220	82.01	100.0			0.47		66.12		44.68	57.7	2.446	3.148	107.0	0.0	0.0	0.0	78.5	91.59			0.1		91.59	87.076	1.46	7.43	14.5	102.0	1.8	2.25	0.72	82.71	0.68	0.77	0.95	0.19	0.92	93.3	5.86	92.78	79.39	0.84	697.4	3.7	83.9	0.53	13.14	4.17	2.86	97.14				PitA   		-0.03348	-19.0	0.0221	-0.04244611238986502	0.09588566853980267	0.3388300287070005
19	R1091-D2TS220_5	220	82.01	100.0			0.47		66.59		44.75	57.45	2.446	3.148	107.0	0.0	0.0	0.0	78.5	91.59			0.1		91.59	87.15	1.46	7.43	14.5	102.0	1.8	2.29	0.72	82.71	0.68	0.77	0.95	0.19	0.92	93.3	5.86	92.8	79.36	0.84	696.6	3.69	84.0	0.53	11.95	5.21	2.86	97.14				PitA   		-0.03425	-19.7	0.02357	-0.026852201916102568	0.09583347633154897	0.338969933724291
20	R1091-D2TS473_1	473	82.01	100.0	0.49		0.47		65.42		37.52	51.36	2.377	3.138	107.0	2.0	0.0	0.0	82.24	90.65	0.35		0.3		90.65	87.227	1.6	6.87	14.9	105.0	2.2	0.5	0.72	83.18	0.69	0.75	0.96	0.17	0.93	79.1	5.99	94.11	83.16	0.83	709.3	3.41	90.15	0.53	0.0	0.0	0.0	99.05				PitA   		0.01829	70.1	0.03581	0.07448736344463171	0.07723054822524689	0.3322996014669325
21	R1091-D2TS220_2	220	82.01	100.0			0.47		66.36		44.94	57.67	2.445	3.143	107.0	0.0	0.0	0.0	78.5	91.59			0.1		91.59	87.076	1.46	7.43	14.5	102.0	1.8	2.41	0.72	83.18	0.69	0.77	0.95	0.19	0.92	93.3	5.86	92.78	79.39	0.84	696.8	3.73	83.96	0.53	12.54	5.21	2.86	96.19				PitA   		-0.037	-19.799999999999997	0.01985	-0.05445103562586765	0.09609221927519492	0.33892768278140273
22	R1091-D2TS220_3	220	81.78	100.0			0.45		66.12		44.56	57.5	2.446	3.149	107.0	0.0	0.0	0.0	78.5	91.59			0.1		91.59	87.076	1.46	7.43	14.5	102.0	1.8	2.27	0.72	82.71	0.68	0.77	0.95	0.19	0.92	93.3	5.86	92.78	79.36	0.84	696.2	3.7	83.99	0.52	13.74	4.17	2.86	97.14				PitA   		-0.03474	-19.599999999999998	0.02277	-0.0333456121094489	0.09592164968851209	0.3390866437539459
23	R1091-D2TS220_1	220	81.78	100.0	0.47		0.45		65.89		44.79	57.7	2.447	3.147	107.0	0.0	0.0	0.0	78.5	91.59	0.12		0.1		91.59	87.076	1.46	7.43	14.5	102.0	1.8	2.25	0.72	82.71	0.68	0.77	0.95	0.19	0.92	93.3	5.86	92.79	79.41	0.84	696.2	3.71	83.93	0.53	13.14	4.17	2.86	97.14				PitA   		-0.03279	-18.099999999999998	0.02114	-0.030324494404912663	0.0958586781469791	0.33928756444905367
24	R1091-D2TS013_5	013s	81.78	100.0			0.45	0.52	65.42		34.41	50.09	2.781	3.557	107.0	0.0	0.0	0.0	81.31	89.72			0.25	0.39	89.72	84.928	1.33	6.76	14.5	102.0	2.1	0.76	0.69	82.71	0.68	0.73	0.94	0.18	0.91	96.6	5.6	93.15	79.99	0.81	693.7	4.31	89.89	0.49	0.0	0.0	1.9	96.19				PitA   		-0.00985	-1.8999999999999986	-0.02633	0.10412328989561342	0.07888977581044071	0.36245344746182145
25	R1091-D2TS013_4	013s	81.78	100.0			0.45	0.52	64.48		35.38	53.15	2.358	3.189	107.0	0.0	0.0	0.0	85.05	87.85			0.45	0.49	87.85	87.186	1.53	6.87	14.7	105.0	2.3	0.5	0.7	82.24	0.68	0.74	0.95	0.18	0.93	99.1	5.99	93.86	81.97	0.83	704.9	2.86	92.48	0.49	0.0	0.0	0.95	98.1				PitA   		0.02143	73.80000000000001	0.0119	0.3975082743068159	0.06005062412105956	0.368131886093233
26	R1091-D2TS193_4	193	81.54	100.0			0.44		62.85		35.19	54.03	2.227	3.192	107.0	0.0	0.0	0.0	85.98	91.59			0.5		91.59	88.334	1.58	7.43	14.7	102.0	1.7	1.09	0.69	82.71	0.67	0.76	0.96	0.21	0.92	96.6	5.86	92.93	81.09	0.84	698.4	3.46	88.41	0.49	0.6	0.0	0.0	94.29				PitA   		-0.05413	-20.599999999999998	0.02721	0.26656542750637313	0.09749895498182892	0.35878622726595627
27	R1091-D2TS291_5	291	81.54	100.0			0.44		64.02		39.19	54.13	2.771	3.466	107.0	1.0	0.0	0.0	78.5	86.92			0.1		86.92	85.01	1.41	6.65	13.8	100.0	2.2	0.84	0.7	81.25	0.69	0.74	0.94	0.23	0.91	96.59	5.86	92.2	77.67	0.82	662.7	4.5	87.29	0.54	0.0	1.04	1.9	95.24				PitA   		-0.04963	-22.5	-0.00663	-0.13312478551926465	0.09984851417787852	0.3535470588198248
28	R1091-D2TS070_5	070s	81.31	100.0			0.42	0.5	63.78		38.84	54.58	2.054	2.847	107.0	0.0	0.0	0.0	86.92	92.52			0.56	0.55	92.52	89.42	1.6	7.32	15.2	106.0	1.9	0.83	0.71	84.11	0.69	0.77	0.96	0.17	0.93	96.6	5.99	92.96	80.98	0.85	725.4	3.1	88.82	0.53	0.0	0.0	0.0	95.24				PitA   		-0.03132	-11.499999999999998	0.03011	0.2250722632875612	0.09144244657007092	0.3404873341583287
29	R1091-D2TS071_4	071	81.31	100.0			0.42		63.55		36.88	50.68	2.146	3.143	107.0	1.0	0.0	0.0	85.05	92.52			0.45		92.52	88.769	1.68	7.54	14.6	103.0	1.8	1.25	0.69	82.24	0.67	0.75	0.96	0.21	0.92	95.8	5.86	92.04	77.85	0.84	699.2	3.95	91.44	0.53	0.0	2.08	3.81	91.43				PitA   		-0.10549	-23.4	-0.00957	0.02322415967754112	0.12216556376663976	0.34833192177350053
30	R1091-D2TS360_1	360	81.31	100.0	0.43		0.42		60.51		31.02	48.79	2.196	3.211	107.0	0.0	0.0	0.0	84.11	90.65	0.46		0.4		90.65	88.014	1.55	7.32	14.2	102.0	1.7	3.18	0.64	80.37	0.61	0.73	0.95	0.21	0.92	86.9	5.86	91.98	77.8	0.83	681.7	4.05	89.29	0.39	101.55	0.0	10.48	81.9				PitA   		-0.17888	-23.4	0.00056	0.23213806605573342	0.11208862724668739	0.3858800416887889
31	R1091-D2TS193_5	193	80.84	100.0			0.39		62.85		38.45	54.52	2.057	2.861	107.0	0.0	0.0	0.0	85.98	92.52			0.5		92.52	89.379	1.56	7.32	15.2	105.0	1.8	0.96	0.7	84.11	0.69	0.77	0.96	0.17	0.93	96.6	5.99	92.93	81.01	0.85	725.9	3.08	89.0	0.52	0.6	0.0	0.0	96.19				PitA   		-0.03088	-8.099999999999998	0.03195	0.22999252244056578	0.09144947679481238	0.3403324770393639
32	R1091-D2TS394_2	394	80.84	100.0			0.39		64.48		32.63	49.0	2.94	3.4	107.0	1.0	0.0	0.0	80.37	85.98			0.2		86.92	83.346	1.55	6.99	13.6	102.0	2.3	1.07	0.66	78.97	0.67	0.72	0.94	0.23	0.91	84.9	5.46	92.08	76.25	0.8	658.1	4.62	91.12	0.5	0.0	1.04	1.9	89.52				PitA   		-0.05448	-23.299999999999997	-0.03202	0.17246424444298764	0.06651995396999713	0.3406932628118879
33	R1091-D2TS149_2	149s	80.84	100.0			0.39	0.49	62.38		37.14	52.69	2.295	3.151	107.0	1.0	0.0	0.0	81.31	92.52			0.25	0.39	92.52	87.514	1.65	7.43	14.2	102.0	1.8	1.03	0.68	82.24	0.66	0.74	0.95	0.23	0.92	97.6	5.86	91.58	78.21	0.83	684.6	4.17	88.6	0.49	0.6	0.0	1.9	95.24				PitA   		-0.10635	-23.4	-0.00869	-0.016598693249782907	0.10703362975307622	0.3588841766347535
34	R1091-D2TS253_1	253	80.61	100.0	0.38		0.37		60.75		38.39	52.74	2.164	3.029	107.0	1.0	0.0	0.0	85.98	94.39	0.58		0.5		94.39	88.621	1.64	7.65	14.6	103.0	1.7	0.83	0.69	83.18	0.67	0.76	0.96	0.19	0.92	97.6	5.86	92.22	79.48	0.84	698.8	3.94	89.06	0.51	0.0	0.0	0.95	95.24				PitA   		-0.09287	-23.4	0.00894	0.027496186944184327	0.1075378587651401	0.33840830378133474
35	R1091-D2TS394_5	394	80.61	100.0			0.37		60.28		38.28	52.05	2.256	3.234	107.0	1.0	0.0	0.0	85.05	91.59			0.45		91.59	88.392	1.63	7.32	14.3	105.0	2.1	1.58	0.68	82.24	0.67	0.74	0.96	0.2	0.92	97.6	5.86	92.3	79.11	0.83	684.3	3.72	92.44	0.51	0.0	4.17	2.86	87.62				PitA   		-0.06093	-23.099999999999998	-0.0088	0.1719267122492317	0.10947977970351191	0.3503512331426015
36	R1091-D2TS192_2	192	80.61	100.0			0.37		60.51		31.02	48.39	2.482	3.434	107.0	0.0	0.0	0.0	88.79	95.33			0.66		95.33	88.166	1.64	7.65	14.1	103.0	1.8	1.92	0.66	78.5	0.62	0.75	0.95	0.27	0.91	75.5	5.73	90.93	77.11	0.82	680.7	4.09	60.54	0.47	4.78	2.08	0.95	93.33				PitA   		-0.04474	-15.2	-0.03785	0.2615104806424747	0.15851007330692443	0.387855310873313
37	R1091-D2TS253_2	253	80.37	100.0			0.35		60.28		36.89	51.32	2.214	3.085	107.0	1.0	0.0	0.0	85.98	92.52			0.5		92.52	88.232	1.65	7.54	14.4	102.0	1.8	1.27	0.69	82.71	0.67	0.76	0.96	0.2	0.92	97.6	5.86	92.28	79.49	0.83	690.0	4.01	90.06	0.5	1.79	0.0	0.95	95.24				PitA   		-0.09931	-23.4	0.00755	0.09858631256282396	0.10728950644545165	0.37129838499955775
38	R1091-D2TS236_1	236	80.37	100.0	0.36		0.35		60.28		22.69	47.4	2.125	3.492	107.0	0.0	0.0	0.0	85.98	93.46	0.58		0.5		93.46	88.789	1.66	7.54	14.7	104.0	1.8	3.14	0.61	71.96	0.6	0.66	0.96	0.21	0.92	82.0	5.86	92.27	79.97	0.84	347.8	3.54	88.75	0.32	11.34	22.92	2.86	90.48				PitA   		-0.09786	-23.4	0.00567	0.060017024913304164	0.10669770499736031	0.5654745660131033
39	R1091-D2TS352_5	352	80.14	100.0			0.34		65.66		40.02	57.92	3.973	4.367	107.0	1.0	0.0	0.0	78.5	86.92			0.1		89.72	85.809	1.44	6.87	14.6	100.0	2.0	1.35	0.72	76.17	0.7	0.73	0.9	0.39	0.87	85.1	5.6	93.06	79.68	0.81	701.6	6.7	88.01	0.58	0.0	3.12	0.95	92.38				PitA   		-0.09782	-23.4	-0.01096	0.2423329244244392	0.08956261401499936	0.38820665484464567
40	R1091-D2TS149_5	149s	80.14	100.0			0.34	0.46	59.81		36.36	51.91	2.188	3.027	107.0	1.0	0.0	0.0	85.98	93.46			0.5	0.52	93.46	88.363	1.62	7.65	14.3	103.0	1.8	1.09	0.69	83.64	0.67	0.75	0.96	0.2	0.92	97.6	5.86	91.87	79.03	0.83	688.2	3.99	89.49	0.52	0.6	0.0	1.9	94.29				PitA   		-0.10077	-23.4	0.01121	-0.010363954308862774	0.1072507787999165	0.3441667938788906
41	R1091-D2TS360_3	360	80.14	100.0			0.34		60.75		35.3	49.18	2.256	3.215	107.0	0.0	0.0	0.0	84.11	91.59			0.4		91.59	87.543	1.58	7.21	13.9	104.0	1.9	3.09	0.63	79.44	0.63	0.72	0.95	0.22	0.92	85.7	5.86	91.5	77.35	0.83	671.5	4.34	88.74	0.42	74.67	0.0	5.71	79.05				PitA   		-0.2014	-23.4	-0.05137	0.13127004360681008	0.0868142946675875	0.40799186680759486
42	R1091-D2TS253_4	253	80.14	100.0			0.34		60.05		36.34	51.5	2.206	3.069	107.0	1.0	0.0	0.0	86.92	92.52			0.56		92.52	88.014	1.63	7.65	14.4	103.0	1.8	1.09	0.69	82.71	0.67	0.76	0.96	0.19	0.92	97.6	5.86	92.28	79.63	0.83	690.6	3.95	90.27	0.5	0.6	0.0	0.95	94.29				PitA   		-0.11072	-23.4	0.00353	0.06898559702037842	0.10699087568438309	0.35687066568283693
43	R1091-D2TS389_2	389	80.14	100.0			0.34		64.25		40.53	55.41	3.297	3.998	107.0	1.0	0.0	0.0	79.44	85.05			0.15		85.05	82.374	1.25	6.54	13.8	100.0	2.6	1.5	0.69	78.04	0.68	0.71	0.93	0.23	0.91	83.6	5.86	92.87	79.24	0.81	665.3	4.84	26.58	0.52	0.6	2.08	0.95	89.52				PitA   		-0.0647	-23.4	-0.07429	0.16125715161895188	0.09126358182483062	0.35861953831240795
44	R1091-D2TS253_3	253	80.14	100.0			0.34		60.74		37.46	51.91	2.193	3.055	107.0	1.0	0.0	0.0	85.05	93.46			0.45		93.46	88.441	1.61	7.65	14.3	105.0	2.1	0.83	0.69	82.71	0.67	0.76	0.96	0.19	0.92	97.6	5.86	92.18	79.43	0.83	687.9	3.98	88.9	0.51	0.0	0.0	0.95	95.24				PitA   		-0.09315	-23.4	0.0094	0.041568202427111976	0.10756564013038242	0.33818693248683934
45	R1091-D2TS270_4	270	80.14	100.0			0.34		60.98		34.73	50.75	2.258	3.218	107.0	1.0	0.0	0.0	85.98	91.59			0.5		91.59	88.158	1.67	7.32	14.4	102.0	1.7	2.1	0.68	82.24	0.66	0.74	0.96	0.2	0.92	97.6	5.86	92.26	78.96	0.83	690.7	3.83	23.06	0.47	2.39	4.17	3.81	87.62				PitA   		-0.08952	-23.4	-0.00482	0.1039320575970286	0.11228718778589297	0.4161890734227334
46	R1091-D2TS149_4	149s	80.14	100.0			0.34	0.46	60.52		35.8	50.49	2.241	3.106	107.0	1.0	0.0	0.0	85.05	91.59			0.45	0.49	91.59	88.24	1.7	7.43	14.1	104.0	2.0	0.93	0.69	82.71	0.67	0.75	0.96	0.2	0.92	97.6	5.86	91.93	78.76	0.83	679.2	4.21	88.95	0.5	0.0	0.0	1.9	93.33				PitA   		-0.10849	-23.4	0.00997	0.03564018004866665	0.10675343747085636	0.304315771254918
47	R1091-D2TS394_3	394	79.91	100.0			0.32		60.98		38.28	52.22	2.257	3.229	107.0	1.0	0.0	0.0	85.98	91.59			0.5		91.59	87.834	1.57	7.32	14.3	104.0	2.0	1.37	0.68	82.24	0.68	0.75	0.96	0.2	0.92	97.6	5.86	92.14	79.31	0.83	689.4	3.82	92.45	0.5	0.0	2.08	3.81	86.67				PitA   		-0.06568	-23.299999999999997	-0.00616	0.19137969380144618	0.10845844865707306	0.3464593755911844
48	R1091-D2TS253_5	253	79.91	100.0			0.32		59.35		36.57	51.02	2.226	3.081	107.0	1.0	0.0	0.0	85.05	94.39			0.45		94.39	87.9	1.65	7.65	14.1	105.0	2.1	1.03	0.69	82.24	0.67	0.75	0.96	0.19	0.92	97.6	5.86	91.97	79.15	0.83	679.7	3.96	89.62	0.5	0.6	0.0	0.95	95.24				PitA   		-0.10072	-23.4	0.00963	-0.018370287738751885	0.10809553765342142	0.34299745133571796
49	R1091-D2TS149_3	149s	79.67	100.0			0.3	0.44	59.58		36.7	51.79	2.162	3.042	107.0	1.0	0.0	0.0	85.05	94.39			0.45	0.49	94.39	88.703	1.69	7.65	14.3	105.0	2.0	1.09	0.69	82.71	0.67	0.76	0.96	0.2	0.92	97.6	5.86	91.92	79.12	0.84	685.7	4.0	89.74	0.51	0.6	0.0	1.9	94.29				PitA   		-0.11198	-23.4	0.00563	-0.03300030478234367	0.10734102392084108	0.3350106944561429
50	R1091-D2TS193_2	193	79.67	100.0			0.3		60.98		37.06	53.12	2.391	3.263	107.0	0.0	0.0	0.0	84.11	90.65			0.4		90.65	86.801	1.57	7.43	14.3	101.0	1.8	0.89	0.69	82.24	0.68	0.75	0.95	0.21	0.92	90.8	5.6	92.61	80.01	0.83	688.9	3.7	86.52	0.5	0.0	0.0	0.0	94.29				PitA   		-0.05117	-21.7	0.04682	0.3393929881899961	0.09132076580673591	0.366890160001565
51	R1091-D2TS236_4	236	79.67	100.0			0.3		60.28		22.23	45.58	1.953	3.327	107.0	0.0	0.0	0.0	88.79	96.26			0.66		96.26	89.322	1.79	7.88	14.4	106.0	1.9	3.62	0.57	72.9	0.57	0.66	0.96	0.2	0.93	97.5	5.99	91.42	77.11	0.84	693.3	2.96	88.88	0.31	35.82	26.04	3.81	91.43				PitA   		-0.07965	-23.4	-0.01029	0.09856580061408242	0.09674372080357514	0.5239560072257688
52	R1091-D2TS075_2	075s	79.67	100.0			0.3	0.44	61.22		36.55	51.98	2.22	3.166	107.0	3.0	0.0	0.0	84.11	91.59			0.4	0.47	91.59	87.982	1.61	7.43	14.3	104.0	2.0	2.2	0.69	83.18	0.67	0.76	0.96	0.21	0.92	97.6	5.86	92.36	79.48	0.83	688.2	4.18	89.05	0.5	16.15	1.04	3.81	92.38				PitA   		-0.06143	-23.299999999999997	0.03557	0.21052962455420082	0.09955518962021113	0.34555673766112155
53	R1091-D2TS075_4	075s	79.67	100.0			0.3	0.44	60.75		35.93	51.62	2.225	3.17	107.0	3.0	0.0	0.0	84.11	91.59			0.4	0.47	91.59	88.055	1.62	7.43	14.3	104.0	2.0	2.1	0.68	83.18	0.67	0.76	0.96	0.2	0.92	97.5	5.86	92.23	79.13	0.83	685.7	4.22	89.13	0.5	12.57	1.04	3.81	92.38				PitA   		-0.08905	-23.4	0.03791	0.2792454404712686	0.09944158907555598	0.3453238216981525
54	R1091-D2TS075_1	075s	79.67	100.0	0.31	0.44	0.3	0.44	61.22	0.39	36.42	52.02	2.219	3.165	107.0	3.0	0.0	0.0	85.05	91.59	0.52	0.48	0.45	0.49	91.59	88.051	1.6	7.43	14.3	104.0	2.0	2.15	0.69	83.18	0.67	0.76	0.96	0.21	0.92	97.6	5.86	92.41	79.56	0.84	687.8	4.17	89.01	0.5	14.35	1.04	3.81	92.38				PitA   		-0.06364	-23.299999999999997	0.03471	0.19821306860794038	0.09968160993548103	0.34565688923360466
55	R1091-D2TS075_3	075s	79.67	100.0			0.3	0.44	60.98		36.57	51.82	2.222	3.167	107.0	4.0	0.0	0.0	84.11	91.59			0.4	0.47	91.59	87.908	1.61	7.43	14.3	104.0	2.0	2.18	0.69	83.18	0.67	0.76	0.96	0.2	0.92	97.6	5.86	92.3	79.32	0.83	688.4	4.2	89.09	0.5	15.56	1.04	3.81	92.38				PitA   		-0.06967	-23.4	0.03842	0.20602022558786504	0.0993186293755569	0.34585657301833034
56	R1091-D2TS304_4	304	79.67	100.0			0.3		61.45		33.84	49.96	2.391	3.317	107.0	1.0	0.0	0.0	82.24	90.65			0.3		90.65	86.444	1.68	7.21	14.2	102.0	1.9	3.51	0.67	82.24	0.65	0.76	0.95	0.2	0.92	96.6	5.86	92.27	78.91	0.82	683.0	4.46	91.54	0.48	33.45	22.92	1.9	92.38				PitA   		-0.09453	-23.4	0.01356	0.09528167231537049	0.10611545081585677	0.3758754140243166
57	R1091-D2TS236_3	236	79.67	100.0			0.3		60.51		23.07	46.5	2.13	3.49	107.0	0.0	0.0	0.0	87.85	94.39			0.61		94.39	88.494	1.69	7.65	14.4	104.0	1.8	3.46	0.58	75.23	0.58	0.66	0.96	0.19	0.92	97.5	5.86	91.87	78.98	0.84	685.6	3.15	88.66	0.35	25.67	27.08	2.86	92.38				PitA   		-0.06511	-23.4	0.02173	-0.08770827563416643	0.1091370966199385	0.5071606235353594
58	R1091-D2TS100_2	100	79.67	100.0			0.3		61.22		34.41	50.0	2.241	3.202	107.0	1.0	0.0	0.0	85.05	91.59			0.45		91.59	87.85	1.71	7.43	14.3	104.0	1.9	2.39	0.69	83.18	0.66	0.76	0.96	0.21	0.92	97.5	5.86	92.27	78.96	0.83	686.5	4.34		0.48	38.23	0.0	1.9	95.24				PitA   		-0.10181	-23.4	0.02465	0.039683306358435644	0.10723476963339625	0.4075470701192357
59	R1091-D2TS360_4	360	79.44	100.0			0.29		60.98		34.68	49.87	2.298	3.154	107.0	0.0	0.0	0.0	84.11	90.65			0.4		90.65	87.441	1.61	7.43	14.3	104.0	2.0	3.11	0.61	80.84	0.63	0.72	0.96	0.21	0.92	92.9	5.86	92.08	78.53	0.83	681.4	3.78	88.68	0.43	86.62	0.0	6.67	81.9				PitA   		-0.17338	-23.4	-0.03852	0.24470769006556684	0.11117655626311587	0.38423764238149055
60	R1091-D2TS389_1	389	79.44	100.0	0.29		0.29		60.75		37.1	52.71	3.011	3.871	107.0	1.0	0.0	0.0	79.44	86.92	0.17		0.15		86.92	83.633	1.54	6.99	14.2	103.0	2.3	1.59	0.68	78.97	0.66	0.7	0.94	0.24	0.9	86.5	5.86	93.24	80.96	0.8	677.9	3.58	26.91	0.49	0.0	7.29	0.95	93.33				PitA   		-0.05086	-23.299999999999997	-0.05979	0.11333853955411871	0.09460631010244609	0.3389262404385722
61	R1091-D2TS294_2	294	79.44	100.0			0.29		60.75		0.0	30.31	2.245	2.312	107.0	1.0	0.0	0.0	83.18	91.59			0.35		91.59	88.232	1.69	7.54	0.0	0.0			0.2		0.47	0.26	0.96	0.2	0.92	-1.0	5.86	92.16	78.89	0.83		4.39		0.13	0.0		1.9	95.24				PitA   						0.10725671043944032	
62	R1091-D2TS193_1	193	79.44	100.0	0.29		0.29		60.98		37.25	51.98	2.232	3.015	107.0	0.0	0.0	0.0	83.18	90.65	0.4		0.35		90.65	87.518	1.63	7.32	14.8	106.0	2.1	1.17	0.69	82.24	0.67	0.76	0.96	0.19	0.92	91.9	5.86	92.5	80.24	0.83	705.5	3.0	89.23	0.49	1.19	0.0	0.0	95.24				PitA   		-0.03881	-12.999999999999998	0.01883	0.2144742952380288	0.08829351180420382	0.3323238178633304
63	R1091-D2TS075_5	075s	79.44	100.0			0.29	0.44	60.74		36.46	51.37	2.233	3.175	107.0	3.0	0.0	0.0	86.92	91.59			0.56	0.55	91.59	88.363	1.74	7.43	14.2	104.0	2.0	2.04	0.68	83.64	0.67	0.76	0.96	0.19	0.92	97.5	5.86	92.15	78.98	0.83	684.2	4.33	89.09	0.5	10.77	1.04	3.81	92.38				PitA   		-0.097	-23.4	0.03356	0.29847523581300656	0.10097482188392132	0.3459756919569547
64	R1091-D2TS233_4	233	79.44	100.0			0.29		63.55		38.35	51.09	3.071	3.788	107.0	1.0	0.0	0.0	76.64	85.98			-0.0		85.98	83.686	1.6	6.21	13.1	98.0	2.1	1.41	0.68	75.18	0.67	0.73	0.92	0.26	0.91	93.91	5.33	90.38	74.12	0.79	633.8	6.41		0.53	1.19	2.08	1.9	95.24				PitA   		-0.04986	-22.9	-0.00662	0.042617722849245344	0.10097208806142494	0.3525892012593909
65	R1091-D2TS360_5	360	79.44	100.0			0.29		58.88		31.72	48.68	2.264	3.206	107.0	0.0	0.0	0.0	85.05	91.59			0.45		91.59	87.596	1.58	7.32	14.1	102.0	1.7	3.04	0.6	81.31	0.63	0.73	0.95	0.22	0.92	81.9	5.86	91.54	77.06	0.83	673.5	4.26	88.9	0.42	75.87	0.0	4.76	82.86				PitA   		-0.16612	-23.4	-0.02248	0.07710559392209615	0.1178796927410757	0.3606577611404295
66	R1091-D2TS340_1	340	79.44	100.0	0.29		0.29		61.92		39.38	50.39	2.89	3.584	107.0	1.0	0.0	0.0	79.44	85.98	0.17		0.15		85.98	84.493	1.61	6.76	13.6	101.0	2.1	1.17	0.68	78.5	0.67	0.72	0.94	0.25	0.9	81.8	5.86	91.69	76.43	0.8	656.7	5.48	59.4	0.54	0.6	4.17	0.95	99.05				PitA   		-0.0436	-23.0	-0.01332	-0.04145118583052979	0.09187962574160206	0.35354315245266593
67	R1091-D2TS070_4	070s	79.44	100.0			0.29	0.44	60.98		37.42	53.1	2.419	3.211	107.0	0.0	0.0	0.0	83.18	91.59			0.35	0.44	91.59	86.801	1.49	7.32	14.7	102.0	1.8	0.76	0.69	81.78	0.69	0.76	0.95	0.2	0.92	96.5	5.86	92.68	80.38	0.83	702.9	3.33	87.36	0.51	0.0	0.0	0.95	96.19				PitA   		-0.0417	-19.2	0.02361	0.20001576686701833	0.10022103189451136	0.39334956538067267
68	R1091-D2TS070_3	070s	79.44	100.0			0.29	0.44	60.52		37.1	52.49	2.294	3.118	107.0	0.0	0.0	0.0	85.98	90.65			0.5	0.52	90.65	87.182	1.5	7.32	14.7	104.0	2.0	1.09	0.69	84.11	0.67	0.76	0.96	0.18	0.92	91.9	5.86	92.7	80.67	0.83	703.8	3.06	88.66	0.49	0.6	0.0	0.0	94.29				PitA   		-0.04292	-18.5	0.01174	0.2345546319975871	0.07975650013902748	0.33078031444366135
69	R1091-D2TS070_1	070s	79.44	100.0	0.29	0.43	0.29	0.44	60.51	0.36	36.8	51.5	2.256	3.027	107.0	0.0	0.0	0.0	82.24	90.65	0.35	0.4	0.3	0.41	90.65	87.449	1.7	7.32	14.7	104.0	2.0	1.03	0.69	82.71	0.67	0.76	0.96	0.19	0.92	91.9	5.86	92.47	80.29	0.82	705.2	2.99	89.52	0.48	0.6	0.0	0.0	95.24				PitA   		-0.0362	-13.799999999999999	0.01531	0.22083313419376685	0.0883845277078805	0.3326631267656642
70	R1091-D2TS149_1	149s	79.44	100.0	0.29	0.43	0.29	0.44	58.88	0.29	36.72	51.91	2.199	3.055	107.0	1.0	0.0	0.0	84.11	93.46	0.46	0.45	0.4	0.47	93.46	88.494	1.64	7.65	14.1	104.0	2.0	1.09	0.69	83.18	0.67	0.76	0.96	0.21	0.92	97.6	5.86	91.79	78.63	0.83	681.1	4.11	89.52	0.51	0.6	0.0	1.9	94.29				PitA   		-0.10509	-23.4	0.00869	-0.022046302138753505	0.1075317722983576	0.3384394321197637
71	R1091-D2TS236_5	236	79.21	100.0			0.27		59.81		25.17	47.98	2.165	3.614	107.0	0.0	0.0	0.0	89.72	94.39			0.71		94.39	88.506	1.58	7.65	14.1	106.0	2.1	3.19	0.59	74.77	0.6	0.66	0.96	0.26	0.92	96.6	5.86	92.07	79.18	0.84	681.0	3.15	88.92	0.37	16.72	22.92	4.76	93.33				PitA   		-0.11157	-23.4	-0.03269	0.27565478425436585	0.11661535955762713	0.5349101000532018
72	R1091-D2TS473_5	473	79.21	100.0			0.27		60.75		36.42	51.17	2.241	3.181	107.0	1.0	0.0	0.0	86.92	91.59			0.56		91.59	88.162	1.74	7.43	14.3	104.0	2.0	1.58	0.69	83.64	0.67	0.76	0.96	0.2	0.92	97.5	5.86	92.22	79.07	0.83	687.1	4.39	91.91	0.5	4.78	0.0	1.9	95.24				PitA   		-0.10365	-23.4	0.02528	0.04633619026397885	0.1072577246237381	0.3456527084628613
73	R1091-D2TS270_5	270	79.21	100.0			0.27		60.05		33.79	49.74	2.269	3.228	107.0	1.0	0.0	0.0	85.05	91.59			0.45		91.59	87.219	1.66	7.32	14.1	106.0	2.2	1.64	0.66	81.78	0.66	0.74	0.96	0.2	0.92	97.6	5.86	92.2	79.04	0.83	678.3	3.83	23.25	0.47	1.19	2.08	5.71	89.52				PitA   		-0.0886	-23.4	-0.00699	0.1281478163306582	0.11333356306630821	0.40132183830071866
74	R1091-D2TS323_5	323	79.21	100.0			0.27		60.75		36.42	51.17	2.241	3.181	107.0	1.0	0.0	0.0	86.92	91.59			0.56		91.59	88.162	1.74	7.43	14.3	104.0	2.0	1.58	0.69	83.64	0.67	0.76	0.96	0.2	0.92	97.5	5.86	92.22	79.07	0.83	687.1	4.39	92.61	0.5	4.78	0.0	1.9	95.24				PitA   		-0.10365	-23.4	0.02528	0.04633619026397885	0.1072577246237381	0.3456527084628613
75	R1091-D2TS341_2	341	79.21	100.0			0.27		60.98		35.87	51.25	2.252	3.108	107.0	0.0	0.0	0.0	84.11	91.59			0.4		91.59	87.838	1.7	7.43	14.3	104.0	2.0	2.37	0.69	83.18	0.67	0.76	0.95	0.2	0.92	97.6	5.86	92.13	78.9	0.83	686.1	4.25	22.03	0.49	35.22	1.04	0.0	95.24				PitA   		-0.06719	-23.4	0.03223	0.12877361532978474	0.10412070851615504	0.35252036166278106
76	R1091-D2TS389_3	389	79.21	100.0			0.27		62.85		38.45	52.6	3.023	3.81	107.0	1.0	0.0	0.0	77.57	85.98			0.05		85.98	83.948	1.65	6.87	13.8	100.0	2.4	1.72	0.68	77.57	0.67	0.7	0.93	0.23	0.91	72.5	5.86	92.4	78.01	0.8	666.0	4.66	27.06	0.51	1.19	3.12	1.9	91.43				PitA   		-0.01009	39.800000000000004	-0.06238	0.07856299899537764	0.09303744975648383	0.37090198603500363
77	R1091-D2TS294_1	294	79.21	100.0	0.28		0.27		60.51		0.0	30.38	2.242	2.309	107.0	1.0	0.0	0.0	86.92	91.59	0.64		0.56		91.59	88.223	1.74	7.54	0.0	0.0			0.2		0.47	0.26	0.96	0.2	0.92	-1.0	5.86	92.21	79.07	0.83		4.38		0.13	0.0		1.9	95.24				PitA   						0.10724011930693343	
78	R1091-D2TS294_4	294	78.97	100.0			0.25		60.05		0.0	30.32	2.249	2.315	107.0	1.0	0.0	0.0	84.11	91.59			0.4		91.59	87.703	1.69	7.54	0.0	0.0			0.2		0.47	0.26	0.96	0.19	0.92	-1.0	5.86	92.08	78.68	0.83		4.4		0.13	0.0		1.9	95.24				PitA   						0.10724667359762732	
79	R1091-D2TS473_2	473	78.97	100.0			0.25		58.88		34.0	49.05	2.736	3.407	107.0	0.0	0.0	0.0	79.44	86.92			0.15		86.92	84.616	1.57	6.65	14.1	99.0	2.0	1.3	0.7	82.24	0.67	0.76	0.94	0.19	0.92	78.3	5.86	93.3	81.2	0.81	681.3	4.12	88.89	0.5	3.58	0.0	0.0	97.14				PitA   		-0.05181	-23.2	0.00748	0.18499293270608666	0.0829787981618161	0.38116123451438105
80	R1091-D2TS473_3	473	78.97	100.0			0.25		58.88		33.41	48.07	2.678	3.379	107.0	1.0	0.0	0.0	82.24	88.79			0.3		88.79	85.567	1.58	6.76	14.0	101.0	2.2	0.7	0.7	81.78	0.66	0.76	0.94	0.19	0.92	78.1	5.86	93.22	81.14	0.81	676.4	4.22	86.55	0.48	0.6	0.0	0.0	98.1				PitA   		-0.01098	33.1	0.01219	0.29530844547414525	0.08549802840423544	0.33258683350953006
81	R1091-D2TS294_3	294	78.97	100.0			0.25		60.05		0.0	30.38	2.246	2.312	107.0	1.0	0.0	0.0	84.11	91.59			0.4		91.59	87.764	1.69	7.54	0.0	0.0			0.2		0.47	0.26	0.96	0.19	0.92	-1.0	5.86	92.07	78.65	0.83		4.4		0.13	0.0		1.9	95.24				PitA   						0.10725890620919784	
82	R1091-D2TS233_2	233	78.97	100.0			0.25		61.68		38.26	51.11	3.658	4.229	107.0	1.0	0.0	0.0	78.5	84.11			0.1		85.98	83.452	1.52	6.54	13.2	99.0	2.5	0.97	0.68	76.14	0.66	0.72	0.91	0.27	0.88	83.31	5.86	91.48	76.11	0.78	637.5	7.04		0.51	0.6	1.04	0.0	96.19				PitA   		-0.07641	-23.4	-0.02649	-0.1418853737468469	0.10542727752797279	0.3598783735807612
83	R1091-D2TS100_3	100	78.74	100.0			0.24		59.12		35.09	50.58	2.315	3.097	107.0	1.0	0.0	0.0	82.24	91.59			0.3		91.59	87.055	1.71	7.43	13.9	102.0	1.9	2.25	0.68	82.24	0.64	0.76	0.95	0.23	0.92	97.6	5.86	90.83	77.03	0.82	666.2	4.21		0.47	41.22	0.0	0.95	97.14				PitA   		-0.1009	-23.4	-0.01089	-0.10359472249061563	0.10783671645994332	0.3572165300443217
84	R1091-D2TS270_3	270	78.74	100.0			0.24		60.52		32.16	46.25	3.066	3.685	107.0	1.0	0.0	0.0	79.44	86.92			0.15		86.92	82.792	1.53	6.65	13.4	101.0	2.2	1.64	0.68	78.04	0.69	0.73	0.93	0.24	0.91	93.3	5.6	92.19	77.98	0.79	648.2	5.35	27.76	0.51	0.6	4.17	2.86	92.38				PitA   		-0.06801	-23.4	-0.00908	0.24515100072753668	0.08180140514804897	0.3694764566250291
85	R1091-D2TS403_1	403	78.74	100.0	0.24		0.24		62.62		30.4	38.57	3.04	3.676	107.0	2.0	0.0	0.0	76.64	82.24	0.0		-0.0		85.05	84.903	1.77	6.76	14.0	103.0	2.4	0.94	0.7	80.37	0.68	0.73	0.93	0.23	0.9	73.9	5.86	92.71	78.86	0.78	672.9	5.87	83.87	0.5	1.79	0.0	0.0	98.1				PitA   		-0.04854	-23.4	0.02525	0.05217877870597697	0.09086836077963241	0.2511042896156848
86	R1091-D2TS394_4	394	78.74	100.0			0.24		60.05		34.0	45.99	2.919	3.466	107.0	1.0	0.0	0.0	79.44	85.05			0.15		85.05	81.919	1.53	6.76	12.9	99.0	2.2	1.46	0.66	76.64	0.66	0.72	0.93	0.26	0.9	97.6	5.86	91.66	75.5	0.78	628.7	5.77	89.15	0.49	0.0	3.12	3.81	88.57				PitA   		-0.05302	-22.299999999999997	-0.0605	0.04628995510868347	0.09559219758427748	0.3425005639199104
87	R1091-D2TS070_2	070s	78.5	100.0			0.22	0.4	59.81		37.16	52.24	2.457	3.285	107.0	0.0	0.0	0.0	82.24	89.72			0.3	0.41	89.72	87.018	1.53	7.1	14.1	104.0	2.2	0.5	0.68	82.24	0.68	0.75	0.95	0.2	0.92	96.5	5.86	92.36	79.64	0.82	679.9	3.18	86.46	0.49	0.0	0.0	0.0	98.1				PitA   		-0.04486	-20.299999999999997	0.0279	0.27936926941381285	0.09228727008030455	0.400413010589117
88	R1091-D2TS100_1	100	78.5	100.0	0.22		0.22		57.71		35.0	49.93	2.302	3.09	107.0	1.0	0.0	0.0	81.31	92.52	0.29		0.25		92.52	86.719	1.65	7.32	13.6	102.0	1.9	1.98	0.67	82.71	0.64	0.75	0.95	0.21	0.92	97.6	5.86	90.82	76.8	0.82	659.8	4.15		0.47	21.51	0.0	0.95	97.14				PitA   		-0.09821	-23.4	-0.00929	-0.08789996713053208	0.10774939164031536	0.3577541409410336
89	R1091-D2TS423_1	423	78.5	100.0	0.22		0.22		61.21		37.08	50.35	2.856	3.308	107.0	1.0	0.0	0.0	77.57	88.79	0.06		0.05		88.79	77.775	1.62	6.99	14.3	103.0	2.3	1.31	0.68	80.78	0.68	0.73	0.95	0.2	0.91	96.59	5.99	92.6	78.75	0.79	684.2	3.54	85.1	0.5	0.0	3.12	0.0	93.33				PitA   		0.01699	67.5	0.00334	0.060006400457231795	0.09345702037601561	0.4138721520707553
90	R1091-D2TS236_2	236	78.5	100.0			0.22		59.81		24.43	45.67	2.257	3.56	107.0	0.0	0.0	0.0	84.11	93.46			0.4		93.46	87.363	1.75	7.43	14.0	106.0	2.2	3.68	0.58	72.9	0.59	0.67	0.96	0.22	0.92	96.9	5.86	91.38	77.72	0.82	673.3	3.81	87.52	0.35	37.61	25.0	1.9	89.52				PitA   		-0.08963	-23.4	0.00492	0.06875968689833846	0.11148683991799671	0.503110734580982
91	R1091-D2TS018_3	018	78.5	100.0			0.22		57.94		32.48	46.61	2.552	3.608	107.0	0.0	0.0	0.0	83.18	89.72			0.35		89.72	84.965	1.62	5.87	13.2	101.0	1.9	3.07	0.62	77.57	0.61	0.7	0.94	0.22	0.92	96.9	5.46	90.51	73.53	0.81	642.0	4.84	88.05	0.42	65.11	0.0	9.52	76.19				PitA   		-0.1928	-23.4	-0.00888	0.056715210057286185	0.12327760454353093	0.3484043491667265
92	R1091-D2TS352_2	352	78.5	100.0			0.22		62.15		34.24	51.46	3.902	4.178	107.0	0.0	0.0	0.0	73.83	85.98			-0.16		89.72	85.657	1.69	6.76	13.8	98.0	1.8	1.3	0.67	71.5	0.66	0.69	0.9	0.3	0.88	75.2	5.73	92.19	77.19	0.78	668.5	7.03	86.92	0.5	0.0	4.17	0.0	95.24				PitA   		0.01954	61.6	0.04819	0.1694048290822002	0.09205447929365046	0.38404209430357134
93	R1091-D2TS360_2	360	78.27	100.0			0.2		58.88		29.64	47.02	2.332	3.292	107.0	0.0	0.0	0.0	82.24	90.65			0.3		90.65	86.58	1.61	7.43	13.8	102.0	1.9	3.14	0.61	78.97	0.61	0.7	0.95	0.21	0.92	82.1	5.73	91.52	77.22	0.82	667.2	4.13	87.88	0.39	98.57	0.0	7.62	83.81				PitA   		-0.16077	-23.4	-0.03986	0.25304842567503605	0.10641847780728338	0.41479183369865197
94	R1091-D2TS193_3	193	78.27	100.0			0.2		59.34		36.84	51.95	2.461	3.288	107.0	0.0	0.0	0.0	82.24	89.72			0.3		89.72	86.953	1.53	7.1	14.1	104.0	2.2	0.5	0.68	82.24	0.68	0.75	0.95	0.2	0.92	96.5	5.86	92.31	79.47	0.82	680.7	3.21	86.65	0.49	0.0	0.0	0.0	98.1				PitA   		-0.04383	-20.099999999999998	0.02809	0.3125363336025053	0.09248594885998358	0.4004369461043213
95	R1091-D2TS389_4	389	78.27	100.0			0.2		60.28		38.64	51.0	3.249	3.99	107.0	1.0	0.0	0.0	75.7	86.92			-0.06		86.92	85.506	1.62	6.65	13.6	103.0	2.5	1.41	0.66	76.17	0.66	0.69	0.93	0.25	0.9	78.5	5.86	92.92	79.47	0.79	654.6	4.22	27.82	0.48	0.0	3.12	1.9	90.48				PitA   		-0.01782	-13.899999999999999	-0.02591	-0.11397493354401768	0.09536634502367163	0.3761852962537387
96	R1091-D2TS294_5	294	78.27	100.0			0.2		59.81		0.0	30.14	2.25	2.317	107.0	1.0	0.0	0.0	84.11	91.59			0.4		91.59	87.564	1.69	7.43	0.0	0.0			0.2		0.47	0.26	0.96	0.2	0.92	-1.0	5.86	92.17	78.92	0.83		4.4		0.13	0.0		1.9	95.24				PitA   						0.10725583759558602	
97	R1091-D2TS100_4	100	78.04	100.0			0.19		57.24		32.54	48.49	2.336	3.138	107.0	1.0	0.0	0.0	81.31	91.59			0.25		91.59	86.301	1.76	7.21	13.4	103.0	2.0	2.22	0.66	83.18	0.64	0.74	0.95	0.22	0.92	97.6	5.86	90.63	75.82	0.81	649.8	4.18		0.45	38.83	0.0	0.95	97.14				PitA   		-0.09576	-23.4	-0.00979	-0.09616228856798009	0.10776074067888738	0.368242273606584
98	R1091-D2TS018_2	018	77.8	100.0			0.17		56.54		28.22	45.57	2.661	3.815	107.0	0.0	0.0	0.0	83.18	89.72			0.35		89.72	85.678	1.74	7.21	13.2	103.0	2.1	3.14	0.57	77.1	0.59	0.69	0.94	0.21	0.92	88.7	5.46	91.09	76.44	0.8	642.4	4.47	87.72	0.38	89.61	1.04	9.52	81.9				PitA   		-0.21725	-23.4	-0.05205	0.18576187992966306	0.09559287678673009	0.37653103355762774
99	R1091-D2TS403_2	403	77.8	100.0			0.17		60.98		34.51	47.43	3.043	3.733	107.0	1.0	0.0	0.0	76.64	83.18			-0.0		85.05	82.235	1.56	6.65	13.8	99.0	2.4	1.09	0.69	80.37	0.65	0.73	0.92	0.25	0.9	84.1	5.86	92.94	79.3	0.78	668.3	5.34	86.1	0.49	1.79	0.0	0.0	97.14				PitA   		-0.049	-23.0	0.00448	0.06871060104362449	0.08208047019289796	0.3212089190457949
100	R1091-D2TS018_5	018	77.8	100.0			0.17		56.77		30.06	43.68	2.558	3.605	107.0	0.0	0.0	0.0	82.24	89.72			0.3		89.72	83.098	1.83	7.1	13.2	102.0	2.0	3.12	0.6	77.1	0.61	0.7	0.94	0.23	0.91	96.9	5.86	90.47	73.99	0.79	643.1	5.09	87.72	0.43	87.27	0.0	8.57	81.9				PitA   		-0.21021	-23.4	-0.02864	0.04963422631562114	0.10231407722888312	0.38435697837805183
101	R1091-D2TS291_4	291	77.57	100.0			0.15		57.48		27.29	45.15	2.32	3.433	107.0	0.0	0.0	0.0	85.05	92.52			0.45		92.52	86.854	1.8	7.32	13.3	104.0	2.1	2.08	0.61	74.26	0.61	0.67	0.95	0.22	0.92	79.85	5.86	91.23	76.51	0.82	643.1	4.08	88.24	0.38	0.6	10.42	6.67	87.62				PitA   		-0.13174	-23.4	-0.04932	0.3048967598767097	0.12890002493487548	0.4930606546965947
102	R1091-D2TS270_1	270	77.34	100.0	0.14		0.14		57.71		33.18	47.95	3.297	3.795	107.0	1.0	0.0	0.0	79.44	86.92	0.17		0.15		86.92	82.764	1.52	6.54	13.4	98.0	2.0	1.0	0.67	77.57	0.68	0.72	0.92	0.28	0.89	78.5	5.86	92.84	79.52	0.79	644.9	4.43	27.99	0.5	0.0	2.08	0.95	96.19				PitA   		-0.07343	-23.4	-0.02908	0.07687733372922093	0.10218979136230631	0.3699349494302278
103	R1091-D2TS018_4	018	76.87	100.0			0.1		55.38		29.85	44.33	2.921	3.791	107.0	0.0	0.0	0.0	79.44	87.85			0.15		87.85	82.698	1.62	6.87	12.6	102.0	2.3	3.1	0.6	78.04	0.62	0.69	0.93	0.27	0.9	89.0	5.73	90.73	75.16	0.78	614.2	5.06	85.89	0.41	77.06	0.0	6.67	79.05				PitA   		-0.15301	-23.4	-0.03691	0.25794201957977175	0.10342224385593687	0.357840070946471
104	R1091-D2TS071_2	071	76.87	100.0			0.1		55.61		33.64	48.12	2.401	3.318	107.0	1.0	0.0	0.0	81.31	89.72			0.25		89.72	85.498	1.6	7.21	13.5	105.0	2.2	1.16	0.67	79.44	0.65	0.74	0.95	0.24	0.91	67.2	5.86	91.78	77.01	0.81	654.3	3.28	92.06	0.5	0.0	1.04	1.9	85.71				PitA   		-0.11154	-23.4	-0.05848	0.12827505744562254	0.11120684852285205	0.35949865427483657
105	R1091-D2TS233_3	233	76.87	100.0			0.1		59.34		36.31	49.95	3.936	4.561	107.0	1.0	0.0	0.0	74.77	80.37			-0.11		82.24	81.259	1.6	6.1	12.3	98.0	2.3	0.94	0.66	69.13	0.66	0.69	0.89	0.34	0.88	95.4	5.46	88.96	72.67	0.77	601.3	9.2		0.49	0.6	2.08	0.0	99.05				PitA   		-0.06287	-23.4	-0.01243	0.03575836114103805	0.10056086015402466	0.3448329746459636
106	R1091-D2TS233_5	233	76.87	100.0			0.1		58.41		35.78	49.51	3.537	4.13	107.0	1.0	0.0	0.0	78.5	84.11			0.1		85.05	82.587	1.62	6.65	13.1	100.0	2.5	1.91	0.66	75.68	0.64	0.71	0.91	0.28	0.89	94.51	5.73	91.14	75.01	0.78	633.1	6.8		0.51	1.79	4.17	2.86	91.43				PitA   		-0.04884	-22.299999999999997	-0.04009	0.08583097088933223	0.10226707820471342	0.38544119600942645
107	R1091-D2TS233_1	233	76.87	100.0	0.1		0.1		59.81		37.63	50.16	3.812	4.325	107.0	1.0	0.0	0.0	76.64	84.11	0.0		-0.0		85.05	83.28	1.65	6.65	13.0	99.0	2.3	0.9	0.66	74.75	0.67	0.71	0.9	0.29	0.88	82.72	5.33	90.89	74.75	0.77	628.8	7.77		0.52	0.0	2.08	0.95	97.14				PitA   		-0.0654	-23.4	-0.03934	0.09488354339402949	0.10402784875169735	0.37104335036255526
108	R1091-D2TS270_2	270	76.64	100.0			0.09		58.18		34.45	48.28	3.129	3.697	107.0	1.0	0.0	0.0	79.44	85.98			0.15		85.98	83.631	1.56	6.54	13.5	99.0	2.1	1.36	0.66	75.23	0.66	0.72	0.93	0.28	0.89	82.1	5.86	92.52	77.93	0.79	653.2	5.06	27.26	0.51	0.0	4.17	0.95	94.29				PitA   		-0.029	1.2000000000000028	-0.03243	0.18162636930966952	0.10247658283199616	0.36887129701668675
109	R1091-D2TS100_5	100	76.64	100.0			0.09		57.24		30.66	45.51	2.702	3.774	107.0	0.0	0.0	0.0	76.64	87.85			-0.0		87.85	78.467	1.69	5.43	13.3	102.0	2.3	2.47	0.64	72.9	0.61	0.71	0.95	0.26	0.9	80.9	5.73	91.1	76.42	0.79	645.9	4.55		0.39	28.08	0.0	0.0	90.48				PitA   		-0.07938	-23.4	-0.01745	0.2722113967312608	0.12712864185751582	0.3841721249906293
110	R1091-D2TS192_3	192	76.64	100.0			0.09		55.14		31.12	46.89	2.521	3.482	107.0	0.0	0.0	0.0	85.98	91.59			0.5		91.59	85.477	1.74	7.21	13.1	103.0	2.1	1.9	0.64	81.31	0.63	0.73	0.95	0.25	0.9	83.3	5.73	90.06	74.55	0.82	636.5	4.53	58.78	0.46	7.76	0.0	2.86	92.38				PitA   		-0.06062	-22.599999999999998	-0.03329	0.16095823502662604	0.14925834834670984	0.38092380563204253
111	R1091-D2TS018_1	018	76.17	100.0	0.05		0.05		55.61		27.41	43.66	2.712	3.765	107.0	0.0	0.0	0.0	79.44	87.85	0.17		0.15		87.85	83.546	1.63	6.99	12.7	103.0	2.3	3.13	0.57	77.57	0.6	0.7	0.93	0.23	0.91	89.7	5.46	90.2	72.96	0.79	618.2	5.06	86.75	0.39	85.42	1.04	5.71	80.95				PitA   		-0.18468	-23.4	-0.02758	0.1709165424413579	0.11942856492483295	0.43826858075348
112	R1091-D2TS389_5	389	76.17	100.0			0.05		55.84		33.94	47.28	3.272	4.074	107.0	1.0	0.0	0.0	79.44	85.05			0.15		85.05	81.534	1.55	6.76	13.3	103.0	2.6	2.1	0.66	76.17	0.65	0.68	0.93	0.25	0.9	90.8	5.86	92.49	79.66	0.77	641.8	3.88	28.93	0.45	1.79	6.25	3.81	89.52				PitA   		-0.03924	-19.7	-0.04659	0.12370237839976465	0.10590086986908795	0.34220026092832573
113	R1091-D2TS473_4	473	75.23	100.0			-0.01		54.67		31.46	42.04	2.97	3.579	107.0	0.0	0.0	0.0	78.5	85.98			0.1		85.98	82.79	1.83	6.54	12.6	98.0	2.1	0.99	0.65	83.64	0.65	0.72	0.93	0.2	0.9	77.4	5.73	91.97	78.31	0.76	616.2	4.21	84.4	0.43	1.19	0.0	0.0	97.14				PitA   		-0.01186	8.899999999999999	0.00948	0.13055744273244518	0.0794834977835402	0.342215716670541
114	R1091-D2TS304_3	304	75.0	100.0			-0.03		55.38		25.98	40.11	2.888	3.696	107.0	0.0	0.0	0.0	74.77	87.85			-0.11		87.85	79.365	1.78	6.43	12.2	101.0	2.6	1.09	0.62	77.57	0.63	0.7	0.94	0.23	0.9	96.0	5.73	91.03	75.89	0.77	598.9	3.54	91.21	0.42	0.6	0.0	0.95	94.29				PitA   		-0.08325	-23.4	-0.03707	0.2566438066988682	0.07786510900757664	0.43866730232067547
115	R1091-D2TS403_4	403	74.77	100.0			-0.05		55.61		35.83	47.83	3.634	4.115	107.0	4.0	0.0	0.0	78.5	83.18			0.1		85.05	81.284	1.68	6.54	13.2	98.0	2.3	1.09	0.67	78.5	0.64	0.72	0.9	0.3	0.88	91.3	5.6	91.19	76.33	0.77	640.9	5.73	87.74	0.46	1.19	0.0	0.95	96.19				PitA   		-0.02565	-15.7	-0.00176	-0.028317498609749307	0.10544542692680234	0.31697460483297213
116	R1091-D2TS403_3	403	74.77	100.0			-0.05		55.14		29.77	44.57	3.204	3.937	107.0	2.0	0.0	0.0	74.77	88.79			-0.11		88.79	82.768	1.81	7.1	13.1	101.0	2.3	0.66	0.66	77.57	0.65	0.72	0.93	0.25	0.9	94.8	5.46	92.32	78.39	0.76	633.0	5.56	89.19	0.48	0.0	0.0	0.0	97.14				PitA   		-0.02558	-14.499999999999998	-0.00724	0.08174893035094839	0.08794933891582735	0.3160188590768966
117	R1091-D2TS434_1	434	74.77	100.0	-0.06		-0.05		53.74		30.95	44.09	2.599	3.435	107.0	1.0	0.0	0.0	75.7	87.85	-0.06		-0.06		87.85	75.076	1.93	6.76	12.1	101.0	2.2	1.45	0.61	73.99	0.64	0.68	0.93	0.27	0.9	72.81	5.86	89.13	71.72	0.77	594.5	4.96		0.44	0.0	3.26	1.9	89.52				PitA   		-0.09984	-23.4	-0.0862	0.07744602323719611	0.11449555430074262	0.39343743123031616
118	R1091-D2TS304_1	304	74.53	100.0	-0.08		-0.07		54.67		25.36	39.72	2.896	3.705	107.0	0.0	0.0	0.0	74.77	87.85	-0.11		-0.11		87.85	79.228	1.78	6.54	12.2	101.0	2.5	1.17	0.62	78.04	0.63	0.7	0.94	0.22	0.9	96.0	5.73	91.02	75.84	0.77	597.3	3.53	91.38	0.42	1.19	0.0	0.95	95.24				PitA   		-0.08119	-23.4	-0.03838	0.2660651044033119	0.07743286450350857	0.43480382830184167
119	R1091-D2TS304_2	304	74.3	100.0			-0.08		54.44		25.44	38.88	2.875	3.689	107.0	0.0	0.0	0.0	74.77	88.79			-0.11		88.79	73.181	2.06	6.43	12.0	101.0	2.6	1.32	0.62	78.04	0.63	0.7	0.94	0.23	0.9	96.0	5.73	90.99	75.77	0.76	590.8	3.52	91.35	0.42	1.79	0.0	0.95	94.29				PitA   		-0.08405	-23.4	-0.04082	0.2569818743817846	0.07793950293475091	0.4414029062087219
120	R1091-D2TS352_3	352	74.3	100.0			-0.08		56.08		34.0	47.39	3.634	4.326	107.0	2.0	0.0	0.0	69.16	85.98			-0.41		87.85	84.211	1.61	6.76	13.9	99.0	2.1	2.18	0.62	65.42	0.62	0.66	0.9	0.33	0.88	79.5	5.6	89.39	73.05	0.74	650.1	6.29	86.57	0.43	1.79	7.29	0.95	88.57				PitA   		-0.09454	-23.4	-0.001	0.36576314547495875	0.1064094508427061	0.38001374165668605
121	R1091-D2TS403_5	403	73.36	100.0			-0.15		53.27		29.24	43.38	3.429	4.112	107.0	1.0	0.0	0.0	77.57	82.24			0.05		83.18	69.365	1.89	6.1	12.2	96.0	2.3	0.83	0.64	78.04	0.64	0.71	0.92	0.29	0.9	96.7	5.46	91.75	75.97	0.75	600.3	5.43	90.54	0.45	0.0	0.0	0.95	95.24				PitA   		-0.02316	-13.799999999999999	-0.01648	0.10662068559842382	0.0758479243380184	0.34051143079844576
122	R1091-D2TS131_1	131	72.2	100.0	-0.25		-0.23		52.1		28.5	41.66	3.34	4.67	107.0	0.0	0.0	0.0	68.22	87.85	-0.52		-0.46		87.85	83.444	1.62	6.43	12.9	101.0	2.0	0.9	0.56	59.35	0.59	0.59	0.87	0.39	0.87	91.7	5.46	82.54	67.73	0.73	628.0	7.59	83.27	0.36	0.0	1.04	1.9	94.29				PitA   		-0.02439	-10.799999999999999	-0.00848	0.2386785358795861	0.09306317396170886	0.406884331243071
123	R1091-D2TS003_1	003	71.5	100.0	-0.3		-0.28		49.53		28.54	41.82	2.666	3.364	107.0	0.0	0.0	0.0	77.57	85.98	0.06		0.05		85.98	67.855	2.1	6.76	11.9	101.0	2.4	2.18	0.62	79.44	0.61	0.69	0.94	0.21	0.9	90.4	5.73	89.41	73.3	0.76	584.9	3.89	84.34	0.44	35.24	0.0	0.0	97.14				PitA   		-0.05534	-23.2	-9e-05	0.2596949173675823	0.07182632294990754	0.3638452465051152
124	R1091-D2TS131_3	131	70.79	100.0			-0.33		54.91		34.28	47.39	4.935	5.318	107.0	1.0	0.0	0.0	68.22	83.18			-0.46		85.98	83.96	1.51	6.65	13.3	98.0	2.0	1.25	0.6	62.15	0.61	0.61	0.79	0.5	0.83	83.4	5.46	86.49	68.88	0.71	646.9	8.72	82.21	0.42	0.6	1.04	0.95	90.48				PitA   		-0.05876	-23.299999999999997	-0.03946	0.23797430694295335	0.09224786739109492	0.315422453587275
125	R1091-D2TS291_1	291	67.29	100.0	-0.62		-0.58		48.13		25.09	38.19	4.136	4.866	107.0	0.0	0.0	0.0	66.36	78.5	-0.63		-0.56		78.5	66.239	1.8	6.21	10.4	95.0	2.6	1.79	0.54	62.15	0.59	0.59	0.86	0.41	0.86	69.54	5.46	84.5	66.55	0.7	519.6	11.41	77.62	0.37	1.19	3.12	4.76	88.57				PitA   		-0.10136	-23.4	-0.12005	-0.07054143212498773	0.1220638998340129	0.4448810300116202
126	R1091-D2TS291_2	291	64.02	100.0			-0.82		44.39		24.85	33.21	4.735	5.277	107.0	0.0	0.0	0.0	65.42	74.77			-0.62		75.7	58.853	2.12	5.54	9.1	90.0	2.8	1.69	0.54	63.99	0.59	0.61	0.87	0.36	0.85	76.68	5.04	86.69	66.94	0.66	465.3	10.23	73.5	0.38	0.0	6.25	2.86	88.57				PitA   		-0.04616	-21.799999999999997	-0.08636	0.2576076379005694	0.12481919133380329	0.457164312655661
127	R1091-D2TS291_3	291	62.85	100.0			-0.9		43.23		22.12	32.0	4.47	4.893	107.0	0.0	0.0	0.0	65.42	77.57			-0.62		78.5	55.957	2.19	5.54	8.7	90.0	3.0	1.88	0.54	66.33	0.59	0.61	0.88	0.35	0.86	82.92	5.04	85.82	66.05	0.66	449.5	9.37	73.95	0.39	1.19	5.21	2.86	91.43				PitA   		-0.10248	-23.4	-0.09381	0.1223950707965936	0.12672762536859392	0.444221636401484
128	R1091-D2TS341_1	341	62.38	100.0	-0.99		-0.93		41.35		21.23	31.47	3.781	4.641	107.0	3.0	0.0	0.0	65.42	78.5	-0.69		-0.62		78.5	57.073	2.02	5.76	9.4	98.0	2.9	2.99	0.54	68.22	0.57	0.62	0.89	0.36	0.86	93.0	5.33	85.47	68.22	0.67	482.9	6.04		0.34	54.33	0.0	8.57	76.19				PitA   		-0.0766	-23.4	-0.07426	0.25001582569253555	0.1230976065745577	0.379265381683102
129	R1091-D2TS192_5	192	61.68	100.0			-0.98		40.19		23.71	32.78	3.825	4.438	107.0	0.0	0.0	0.0	59.81	78.5			-0.92		80.37	60.161	1.91	5.43	9.7	95.0	2.8	1.71	0.54	66.36	0.57	0.62	0.86	0.35	0.86	89.3	5.19	81.72	63.69	0.64	492.3	7.85	54.41	0.38	8.36	0.0	0.95	96.19				PitA   		-0.02878	15.399999999999999	-0.00391	0.31723831328978536	0.14307632691416983	0.3876278230419899
130	R1091-D2TS131_4	131	61.45	100.0			-1.0		43.69		19.66	27.75	5.219	5.977	107.0	0.0	0.0	0.0	53.27	75.7			-1.28		76.64	63.959	1.94	5.21	9.9	96.0	3.2	1.46	0.51	47.2	0.56	0.53	0.78	0.6	0.81	55.7	5.19	80.12	61.65	0.6	500.7	11.91	75.03	0.34	0.6	3.12	0.95	94.29				PitA   		-0.05461	-23.4	-0.00311	0.30785074768748355	0.10287257498307065	0.44236738256290503
131	R1091-D2TS192_1	192	60.75	100.0	-1.11		-1.05		39.95		21.59	28.55	4.68	5.378	107.0	0.0	0.0	0.0	62.62	76.64	-0.86		-0.77		78.5	64.996	1.92	5.43	9.8	98.0	3.0	1.93	0.54	60.28	0.56	0.62	0.83	0.42	0.84	68.1	4.74	82.63	61.5	0.64	291.1	10.64	51.15	0.36	8.96	1.04	0.95	93.33				PitA   		-0.08112	-23.299999999999997	-0.02396	0.18286022216605397	0.15784524540749578	0.35704266803760465
132	R1091-D2TS192_4	192	57.24	100.0			-1.3		37.38		19.98	26.9	4.759	5.448	107.0	0.0	0.0	0.0	54.21	79.44			-1.23		80.37	57.994	2.3	5.99	8.7	98.0	2.9	2.17	0.5	59.35	0.56	0.58	0.82	0.46	0.83	76.6	4.89	81.47	59.11	0.6	443.5	10.32	54.7	0.35	6.57	2.08	0.95	89.52				PitA   		-0.0952	-23.4	-0.08846	0.42315935374850394	0.16777462494854278	0.35945438831241283
133	R1091-D2TS352_4	352	53.74	100.0			-1.55		33.88		15.83	21.96	5.565	6.193	107.0	1.0	0.0	0.0	36.45	70.09			-2.19		76.64	51.138	2.41	5.76	7.8	97.0	3.1	1.21	0.49	51.4	0.58	0.52	0.8	0.64	0.77	93.1	4.74	80.17	61.62	0.57	414.4	9.43	72.6	0.27	0.0	2.08	3.81	92.38				PitA   		-0.02634	-22.2	0.00806	0.36258811295821897	0.09933071896748875	0.3421565393235982
134	R1091-D2TS352_1	352	53.51	100.0	-1.65		-1.57		32.94		14.68	23.99	5.049	5.995	107.0	1.0	0.0	0.0	45.79	71.03	-1.9		-1.69		74.77	52.767	2.15	5.32	8.8	94.0	3.3	2.38	0.49	43.92	0.53	0.54	0.82	0.61	0.79	91.2	5.04	82.88	60.62	0.57	457.0	9.2	76.74	0.27	7.16	3.12	3.81	87.62				PitA   		-0.08862	-23.4	-0.0204	0.18242268786540985	0.14233407449378815	0.41388509257659106
135	R1091-D2TS131_2	131	42.99	100.0			-2.32		28.97		11.25	20.77	8.652	9.527	107.0	1.0	0.0	0.0	20.56	58.88			-3.06		66.36	46.027	2.33	4.1	4.7	84.0	3.6	1.74	0.37	34.58	0.49	0.38	0.59	0.83	0.73	78.8	4.25	65.57	54.7	0.41	282.0	19.2	54.08	0.2	1.79	4.17	0.0	95.24				PitA   		-0.01886	-12.499999999999998	0.01321	0.2798876637124173	0.14786135385557614	0.503621113254572
136	R1091-D2TS131_5	131	41.35	100.0			-2.44		27.57		14.13	20.44	8.262	9.087	107.0	1.0	0.0	0.0	14.95	60.75			-3.37		60.75	40.946	2.56	2.98	4.2	83.0	3.9	1.25	0.39	37.38	0.53	0.4	0.59	0.93	0.7	81.0	3.5	66.37	57.46	0.39	261.7	15.5	51.45	0.25	0.0	2.08	0.0	91.43				PitA   		-0.0789	-23.4	-0.04971	0.24039527239037356	0.13882646379359015	0.3767878095388242
137	R1091-D2TS081_5	081s	13.79	100.0			-4.41	-1.97	9.58		0.72	2.96	104.38	103.639	107.0	6.0	0.0	0.0	0.0	0.0			-4.18	-2.0	20.56	14.235	2.51	-2.02	0.0	0.0		3.53	0.12	2.8	0.29	0.03	0.14	2.08	0.53	4.6	1.99	24.21	18.8	0.12		17620.56	47.93	0.05	62.69	7.29	5.71	87.62				PitA   		-0.41362	-23.4	0.03687	-0.20612463031334335	0.1604353009106486	0.5126444190481124
138	R1091-D2TS081_3	081s	13.32	100.0			-4.45	-1.99	9.11		1.78	5.0	103.07	102.371	107.0	6.0	0.0	0.0	0.0	0.0			-4.18	-2.0	14.95	13.531	1.84	-2.02	0.0	0.0		3.58	0.11	3.27	0.29	0.02	0.14	2.36	0.49	4.6	1.99	22.09	19.19	0.12		16996.56	62.18	0.03	66.87	6.25	5.71	83.81				PitA   		-0.43763	-23.4	-0.01176	-0.10534649638612786	0.1633849515870599	0.4804079978219553
139	R1091-D2TS081_4	081s	13.32	100.0			-4.45	-1.99	9.11		0.78	2.78	103.278	102.559	107.0	6.0	0.0	0.0	0.0	0.0			-4.18	-2.0	14.02	13.67	1.87	-2.02	0.0	0.0		3.8	0.12	3.74	0.3	0.03	0.14	2.23	0.52	4.6	1.99	23.35	19.4	0.12		17079.41	66.47	0.04	66.87	8.33	8.57	74.29				PitA   		-0.41464	-23.4	-0.04906	-0.06876486485754295	0.16218089033451982	0.5556773463384398
140	R1091-D2TS081_2	081s	13.08	100.0			-4.46	-2.0	8.88		1.23	2.81	105.801	105.108	107.0	7.0	0.0	0.0	0.0	0.0			-4.18	-2.0	21.5	14.164	2.69	-2.24	0.0	0.0		3.73	0.11	3.74	0.29	0.02	0.14	2.02	0.53	4.6	1.99	21.78	17.74	0.12		17906.1	41.53	0.03	80.6	6.25	5.71	79.05				PitA   		-0.43414	-23.4	0.00543	-0.10229797490771503	0.17493546672374335	0.5180115391179512
141	R1091-D2TS081_1	081s	12.85	100.0	-4.7	-1.99	-4.48	-2.01	8.41	-1.95	1.36	3.15	120.685	119.815	107.0	40.0	0.0	0.0	0.0	0.0	-4.72	-1.99	-4.18	-2.0	19.63	15.009	2.39	-2.24	0.0	0.0		4.09	0.09	2.34	0.27	-0.01	0.13	2.11	0.52	4.6	2.3	19.9	12.91	0.12		23673.8	84.93	0.02	152.84	7.29	7.62	75.24				PitA   		-0.71812	-23.4	0.0467	-0.27115611476780327	0.19800831796470594	0.5092046437225967
