	Model	GR#	GDT_TS	NP_P	Z-M1-GDT	Z-M1s-GDT	Z-MA-GDT	Z-MAs-GDT	GDT_HA	Z-M1s-GDT-HA	GDC_SC	GDC_ALL	RMS_CA	RMS_ALL	NP	err	PC01	PC05	AL0_P	AL4_P	Z-M1-AL0_p	Z-M1s-AL0_p	Z-MA-AL0_p	Z-MAs-AL0_p	ALI_P	LGA_S	RMSD[L]	Z-score[M]	Z-Score[D]	Al.Res.	RMSD[D]	MolPrb_Score	LDDT	SphGr	CAD_AA	RPF	CODM	DFM	Handed.	SOV	CE	QCS	CONTS	TMscore	Dali(raw)	FlexE	QSE	Target_difficulty	Target_Neff	Target_classification	Model_type	Model_template	Model_DipDiff	Model_ChiDiff	Model_BBscore	Model_SCscore	Template_DipDiff	Template_ChiDiff	Template_BBscore	Template_SCscore	nLoops	Loops_avDipDiff	Loops_sdDipDiff	Loops_avChiDiff	Loops_sdChiDiff	Loops_avBBscore	Loops_sdBBscore	Loops_avSCscore	Loops_sdSCscore	Loops_avGDT_TS	Loops_sdGDT_TS	Loops_avGDT_HA	Loops_sdGDT_HA	Loops_avGDC_SC	Loops_sdGDC_SC
0	Starting	model		79.2						64.2		40.31		5.5	6.07														26.75	26.6	201.0	2.2	3.44	0.7	73.64	0.66	0.73	0.82	0.38	0.87	70.8	7.13	93.1	80.12	0.85	2229.2	18.58														4														
1	TR879TS250_5	250s	79.89	100.0			0.58	1.43	64.43		43.68	59.07	5.333	5.927	220.0	0.0	0.0	0.0	79.55	85.91			0.45	1.11	85.91	83.742	1.4	26.75	26.8	202.0	2.1	1.46	0.71	76.82	0.7	0.74	0.83	0.35	0.88	73.9	7.02	93.42	80.72	0.86	2249.6	18.54	35.08				Free-model	NA	-0.04205	-79.39999999999999	0.07015540559365631	0.3067503104776933					4	-0.12609	0.02413	-25.05	42.81247	0.15491	0.00896	0.38468	0.08634	68.0625	10.92002	51.82	13.25232	42.45	11.62523
2	TR879TS273_1	273	79.77	100.0	0.56		0.57		64.32		38.2	55.8	5.47	6.114	220.0	3.0	0.0	0.0	79.55	85.45	0.44		0.45		85.45	83.323	1.35	26.89	26.8	200.0	2.0	2.83	0.68	73.86	0.66	0.73	0.82	0.4	0.87	71.5	7.02	93.31	80.49	0.85	2244.5	18.07					Free-model	NA	-0.09646	-95.6	0.07347911805062535	0.3908200377774333					4	-0.12335	0.03869	-24.925	42.88609	0.16807	0.00606	0.45922	0.05242	68.065	10.91997	51.375	13.27606	41.7225	11.13363
3	TR879TS250_4	250s	79.55	100.0			0.56	1.27	64.44		43.42	58.59	5.355	5.944	220.0	0.0	0.0	0.0	78.18	85.91			0.37	0.19	85.91	82.673	1.31	26.89	26.6	202.0	2.1	1.26	0.7	75.91	0.7	0.73	0.83	0.36	0.88	73.9	7.13	93.2	79.92	0.86	2233.1	18.61	35.4				Free-model	NA	-0.04378	-84.8	0.069486426465373	0.3027405739415724					4	-0.13569	0.0249	-25.05	42.81247	0.1521	0.01061	0.39087	0.1001	67.18	8.96941	49.8675	10.30503	40.1775	9.12481
4	TR879TS250_1	250s	79.43	100.0	0.54	1.54	0.55	1.21	64.66	1.58	43.8	58.85	5.538	6.09	220.0	0.0	0.0	0.0	78.64	85.91	0.38	1.0	0.4	0.5	85.91	82.857	1.35	26.75	26.9	201.0	2.1	1.33	0.71	77.05	0.7	0.74	0.82	0.37	0.87	73.0	7.02	93.31	80.59	0.85	2255.8	18.53	35.72				Free-model	NA	-0.03753	-71.1	0.06489588019133365	0.30715165834426034					4	-0.1027	0.04065	-24.05	41.0805	0.13894	0.03798	0.3766	0.06831	67.38	9.50513	51.5875	11.81119	42.485	10.95432
5	TR879TS023_1	023	79.32	100.0	0.53		0.54		64.66		43.31	57.7	5.479	6.037	220.0	0.0	0.0	0.0	79.55	85.91	0.44		0.45		85.91	83.164	1.3	26.6	27.1	202.0	2.2	1.21	0.71	76.14	0.7	0.74	0.82	0.36	0.87	74.2	7.13	93.71	82.12	0.86	2267.3	17.69	30.73				Free-model	NA	-0.0398	-82.89999999999999	0.058653578332648434	0.30499051399346144					4	-0.11642	0.0661	-25.025	42.82712	0.15059	0.02273	0.33658	0.0554	67.3025	11.52433	50.25	14.00499	40.9975	11.38662
6	TR879TS023_4	023	79.32	100.0			0.54		63.98		44.3	58.31	4.901	5.421	220.0	0.0	0.0	0.0	80.0	85.91			0.47		85.91	83.547	1.39	27.19	27.3	201.0	1.9	1.18	0.71	79.32	0.71	0.75	0.85	0.32	0.88	78.9	7.13	93.82	82.54	0.86	2281.7	10.44	30.38				Free-model	NA	-0.03573	-73.3	0.05601103928337145	0.31452850956298767					4	-0.11521	0.10019	-24.35	43.21716	0.14262	0.02299	0.37109	0.06283	68.5375	11.93828	52.1625	14.05552	41.9475	12.02787
7	TR879TS023_5	023	79.32	100.0			0.54		63.75		42.61	57.96	4.942	5.495	220.0	0.0	0.0	0.0	79.09	86.36			0.42		86.36	83.802	1.31	25.55	26.9	205.0	2.5	1.06	0.69	78.18	0.69	0.74	0.85	0.31	0.88	74.9	7.02	93.6	81.84	0.85	2254.5	12.51	30.75				Free-model	NA	-0.02799	-65.5	0.05506230504345908	0.3176587286353007					4	-0.07802	0.07034	-4.65	62.96827	0.14645	0.01375	0.41928	0.078	66.9625	11.41447	50.2725	13.7628	40.4125	11.97573
8	TR879TS294_1	294	79.32	100.0	0.53		0.54		63.87		38.94	56.45	5.523	6.068	220.0	0.0	0.0	0.0	79.09	85.0	0.41		0.42		85.0	82.927	1.3	26.75	26.6	200.0	2.1	2.86	0.69	73.64	0.66	0.72	0.82	0.37	0.87	69.4	7.13	93.14	80.22	0.85	2228.5	18.56	25.77				Template-based	4l1g_A	-0.15708	-95.6	0.08407428933569679	0.3607535188829568	-0.02584	-53.099999999999994	0.06427066461067488	0.3608064310707477	4	-0.18213	0.12567	-25.025	42.82712	0.18385	0.00711	0.42114	0.08821	66.6225	10.07837	49.935	12.4531	40.98	10.79311
9	TR879TS023_2	023	79.32	100.0			0.54		64.43		43.52	58.84	4.936	5.424	220.0	0.0	0.0	0.0	80.0	85.91			0.47		85.91	83.583	1.32	27.04	27.1	203.0	2.2	1.3	0.71	77.5	0.71	0.75	0.85	0.34	0.88	74.5	7.13	93.72	82.21	0.86	2271.0	10.86	30.42				Free-model	NA	-0.03989	-85.5	0.0537113209495336	0.3024918684248155					4	-0.13148	0.03962	-25.025	42.82712	0.13617	0.03358	0.32953	0.10687	67.985	10.87649	51.295	13.25321	41.4375	11.39771
10	TR879TS480_3	480	79.09	100.0			0.53		63.87		38.16	55.18	5.495	6.098	220.0	3.0	0.0	0.0	78.18	85.45			0.37		85.45	82.809	1.35	26.75	26.4	201.0	2.2	3.22	0.69	73.18	0.65	0.72	0.82	0.38	0.87	69.0	7.13	92.99	79.84	0.85	2217.4	18.75	25.82				Free-model	NA	-0.08831	-95.6	0.07155314795963218	0.39713225591793205					4	-0.1671	0.08216	-24.125	43.37991	0.16611	0.00723	0.39642	0.07247	67.0675	10.08344	49.7575	11.4362	40.88	10.294
11	TR879TS412_5	412	78.98	100.0			0.52		64.09		37.9	56.49	5.531	6.041	220.0	2.0	0.0	0.0	78.18	85.0			0.37		85.0	82.544	1.28	26.75	26.6	204.0	2.2	2.24	0.67	72.95	0.66	0.71	0.82	0.37	0.87	70.58	7.13	93.06	79.97	0.85	2225.7	19.05	25.72				Free-model	NA	-0.0977	-95.6	0.07427998088493547	0.3641748255362373					4	-0.17446	0.12646	-24.9	42.90093	0.16671	0.00484	0.3932	0.06879	67.2475	11.07214	49.935	12.4531	40.7025	10.68581
12	TR879TS023_3	023	78.98	100.0			0.52		63.98		43.57	58.27	4.97	5.537	220.0	0.0	0.0	0.0	79.55	85.91			0.45		85.91	83.026	1.31	26.6	27.0	203.0	2.3	1.27	0.71	75.68	0.7	0.74	0.85	0.34	0.88	74.2	7.13	93.66	82.05	0.85	2262.0	11.02	30.69				Free-model	NA	-0.03825	-79.39999999999999	0.057172916708991786	0.31301931844189534					4	-0.11819	0.06207	-25.05	42.81247	0.14501	0.02234	0.35603	0.0737	66.9375	11.66974	50.2725	13.7628	40.675	11.61094
13	TR879TS396_1	396	78.98	100.0	0.51		0.52		63.86		40.56	56.51	5.511	6.043	220.0	2.0	0.0	0.0	78.18	85.45	0.35		0.37		85.45	82.606	1.3	26.75	26.6	200.0	2.1	2.77	0.7	73.18	0.66	0.72	0.82	0.37	0.87	70.8	7.13	93.07	79.88	0.85	2226.4	18.69					Free-model	NA	-0.12013	-95.6	0.07819894892740888	0.3521380167982769					4	-0.25726	0.1104	-25.05	42.81247	0.16918	0.00522	0.33815	0.09415	67.07	10.08364	49.7575	11.4362	40.82	9.98002
14	TR879TS396_2	396	78.98	100.0			0.52		63.86		40.47	56.5	5.511	6.043	220.0	2.0	0.0	0.0	78.18	85.45			0.37		85.45	82.574	1.3	26.75	26.6	204.0	2.2	2.86	0.7	73.18	0.66	0.72	0.82	0.37	0.87	70.8	7.13	93.06	79.87	0.85	2241.4	18.7					Free-model	NA	-0.11986	-95.6	0.07829071452923637	0.3521392157090295					4	-0.25535	0.10959	-25.05	42.81247	0.16929	0.00517	0.33794	0.09409	67.07	10.08364	49.7575	11.4362	40.82	9.98002
15	TR879TS412_4	412	78.98	100.0			0.52		63.3		37.34	56.28	5.537	6.064	220.0	2.0	0.0	0.0	78.18	84.55			0.37		84.55	82.512	1.21	26.75	26.5	204.0	2.2	2.19	0.68	73.41	0.66	0.72	0.82	0.39	0.87	70.78	7.13	93.1	80.0	0.85	2217.1	18.95	25.84				Free-model	NA	-0.11233	-95.6	0.07375955843111306	0.35809470447681097					4	-0.21569	0.14406	-21.775	45.04622	0.16624	0.0032	0.37014	0.06682	67.695	11.05166	50.3825	12.41518	40.935	10.71445
16	TR879TS073_5	073	78.86	100.0			0.51		63.64		40.35	56.47	5.515	6.083	220.0	3.0	0.0	0.0	78.64	85.45			0.4		85.45	82.837	1.33	26.6	26.5	200.0	2.1	3.45	0.69	73.86	0.66	0.73	0.82	0.38	0.87	70.8	7.13	92.99	79.8	0.85	2220.8	18.71	87.05				Free-model	NA	-0.13562	-95.6	0.0764674646552196	0.3523107208735362					4	-0.23399	0.12359	-24.775	42.97571	0.1697	0.00337	0.34141	0.0972	68.065	10.91997	51.375	13.27606	41.5125	11.22095
17	TR879TS017_3	017	78.86	100.0			0.51		63.64		40.93	56.8	5.529	6.107	220.0	2.0	0.0	0.0	78.64	85.91			0.4		85.91	83.084	1.3	26.75	26.6	204.0	2.2	2.77	0.69	74.32	0.67	0.72	0.82	0.37	0.87	71.1	7.13	92.88	79.44	0.85	2227.5	19.16	91.02				Free-model	NA	-0.12405	-95.6	0.07290325725043995	0.3545969798105916					4	-0.23542	0.12646	-25.05	42.81247	0.16327	0.00713	0.36375	0.06418	67.515	10.14775	50.8275	12.42539	41.6525	11.38588
18	TR879TS412_1	412	78.86	100.0	0.5		0.51		63.52		38.72	56.65	5.543	6.05	220.0	3.0	0.0	0.0	78.18	85.45	0.35		0.37		85.45	82.797	1.21	26.6	26.6	204.0	2.2	2.2	0.69	73.41	0.66	0.72	0.82	0.38	0.87	69.78	7.13	93.07	80.0	0.85	2224.5	19.13	25.77				Free-model	NA	-0.09366	-95.6	0.07432886084158818	0.35415790960968696					4	-0.15137	0.09522	-24.625	43.06323	0.16673	0.00317	0.36867	0.06089	67.4575	9.61653	50.1475	10.97567	40.605	9.9235
19	TR879TS412_2	412	78.86	100.0			0.51		63.87		38.73	56.33	5.513	6.026	220.0	2.0	0.0	0.0	78.18	84.09			0.37		84.09	82.394	1.25	26.75	26.5	200.0	2.1	2.1	0.69	73.64	0.66	0.72	0.82	0.38	0.87	70.58	7.13	93.05	79.98	0.85	2220.8	18.84	25.79				Free-model	NA	-0.09508	-95.6	0.07302851876697868	0.3599872440529512					4	-0.189	0.11932	-0.875	69.26303	0.16595	0.0033	0.37727	0.05932	67.0675	10.08344	49.7575	11.4362	40.515	10.07935
20	TR879TS188_1	188	78.75	100.0	0.49		0.51		63.06		38.72	54.71	5.507	6.113	220.0	1.0	0.0	0.0	78.18	85.0	0.35		0.37		85.0	83.026	1.37	26.6	26.2	200.0	2.1	3.36	0.67	73.41	0.64	0.71	0.82	0.38	0.87	66.4	7.13	92.93	79.27	0.85	2199.4	18.74					Free-model	NA	-0.15415	-95.6	0.08361337693840837	0.359297166372331					4	-0.19204	0.1158	-24.525	43.12814	0.16399	0.01424	0.396	0.05822	67.9625	10.27032	50.5175	13.13614	41.5925	11.82762
21	TR879TS017_1	017	78.75	100.0	0.49		0.51		63.52		40.4	56.03	5.532	6.02	220.0	2.0	0.0	0.0	77.73	85.0	0.33		0.35		85.0	82.657	1.38	26.75	26.5	204.0	2.2	2.05	0.69	73.18	0.67	0.72	0.82	0.38	0.87	73.07	7.13	92.88	79.25	0.85	2220.9	19.16	91.07				Free-model	NA	-0.09314	-95.6	0.07516048623223678	0.3510472891553234					4	-0.19369	0.11247	-25.05	42.81247	0.16883	0.00633	0.36198	0.06645	67.045	10.47453	49.9675	13.26778	41.05	11.74337
22	TR879TS412_3	412	78.75	100.0			0.51		63.41		37.59	56.27	5.507	6.013	220.0	2.0	0.0	0.0	78.18	85.45			0.37		85.45	82.478	1.27	26.45	26.5	204.0	2.2	2.16	0.68	72.95	0.66	0.71	0.82	0.38	0.87	70.48	7.13	93.08	79.91	0.85	2216.6	18.69	25.79				Free-model	NA	-0.08476	-95.6	0.07302828325978464	0.357253974747214					4	-0.16118	0.09601	-9.375	57.92531	0.16599	0.00401	0.38115	0.06506	67.07	10.08364	49.7575	11.4362	40.6775	10.09592
23	TR879TS017_4	017	78.64	100.0			0.5		63.41		40.37	56.03	5.532	6.019	220.0	2.0	0.0	0.0	78.18	85.91			0.37		85.91	82.689	1.33	26.75	26.6	204.0	2.2	2.17	0.69	73.18	0.67	0.72	0.82	0.38	0.87	70.78	7.13	92.89	79.28	0.85	2222.4	19.14	91.11				Free-model	NA	-0.09289	-95.6	0.07519659609341128	0.3509084156556137					4	-0.1957	0.11251	-25.05	42.81247	0.16929	0.00626	0.36193	0.06675	67.045	10.47453	49.9675	13.26778	41.0275	11.67495
24	TR879TS017_2	017	78.52	100.0			0.49		63.3		40.4	55.99	5.532	6.02	220.0	2.0	0.0	0.0	78.18	85.91			0.37		85.91	82.689	1.33	26.75	26.5	204.0	2.2	2.16	0.69	73.18	0.67	0.72	0.82	0.38	0.87	70.78	7.13	92.89	79.28	0.85	2221.4	19.15	91.11				Free-model	NA	-0.09268	-95.6	0.07524159412973569	0.3509219633669574					4	-0.19402	0.11237	-25.05	42.81247	0.16932	0.00637	0.3619	0.06676	67.045	10.47453	49.9675	13.26778	41.0275	11.67495
25	TR879TS204_5	204	78.52	100.0			0.49		62.27		39.31	55.45	5.537	6.145	220.0	1.0	0.0	0.0	78.64	84.55			0.4		84.55	82.362	1.36	26.75	26.3	204.0	2.2	1.72	0.68	72.95	0.66	0.71	0.82	0.38	0.87	77.3	7.13	92.8	79.13	0.85	2205.0	18.91					Free-model	NA	-0.12199	-95.6	0.08121069625273118	0.35447367561814513					4	-0.17177	0.10865	-24.85	42.93073	0.17201	0.00818	0.34459	0.09869	67.3025	11.52433	50.25	14.00499	41.105	11.48865
26	TR879TS208_2	208	78.52	100.0			0.49		62.38		41.67	56.59	5.502	6.131	220.0	2.0	0.0	0.0	79.09	85.91			0.42		85.91	83.108	1.38	26.6	26.6	200.0	2.0	1.88	0.69	73.64	0.67	0.72	0.82	0.39	0.87	71.7	7.13	93.12	79.29	0.85	2230.9	19.23	32.85				Free-model	NA	-0.10078	-95.6	0.07384103812668004	0.35424121426318544					4	-0.16477	0.12086	-24.775	42.97571	0.17184	0.0069	0.43523	0.0421	67.435	9.96295	49.6775	11.35083	40.68	10.20247
27	TR879TS017_5	017	78.52	100.0			0.49		63.3		40.37	56.03	5.53	6.02	220.0	2.0	0.0	0.0	78.18	85.91			0.37		85.91	82.717	1.33	26.75	26.6	204.0	2.2	2.2	0.69	73.18	0.67	0.72	0.82	0.37	0.87	70.78	7.13	92.89	79.28	0.85	2223.6	19.13	91.1				Free-model	NA	-0.09323	-95.6	0.07540349546611277	0.3499951082596533					4	-0.19708	0.11027	-25.05	42.81247	0.17012	0.0063	0.3562	0.07189	67.045	10.47453	49.9675	13.26778	41.21	11.95814
28	TR879TS001_3	001	78.41	100.0			0.48		62.16		39.26	56.42	5.06	5.579	220.0	4.0	0.0	0.0	76.82	85.91			0.29		85.91	83.24	1.36	27.04	26.3	205.0	2.2	2.73	0.67	74.09	0.67	0.71	0.85	0.4	0.88	77.15	7.13	92.55	78.9	0.86	2206.7	13.5					Free-model	NA	-0.09625	-95.6	0.0757440061794994	0.3547254410271893					4	-0.19396	0.16349	-22.8	44.28115	0.193	0.06023	0.38195	0.05752	67.155	12.27313	50.4125	14.75394	41.3225	13.16575
29	TR879TS208_3	208	78.41	100.0			0.48		62.16		42.38	57.02	5.549	6.144	220.0	2.0	0.0	0.0	79.55	85.91			0.45		85.91	83.355	1.47	26.75	26.5	200.0	2.0	1.63	0.69	72.27	0.67	0.72	0.82	0.4	0.87	70.2	7.02	93.17	79.49	0.85	2224.5	19.43	32.86				Free-model	NA	-0.10241	-95.6	0.07256293816499929	0.34139068368883757					4	-0.16295	0.09532	-5.6	62.78742	0.16725	0.00674	0.44284	0.07362	68.5075	10.93967	51.195	12.286	41.71	10.28687
30	TR879TS208_1	208	78.3	100.0	0.46		0.48		62.27		41.98	57.06	5.536	6.136	220.0	2.0	0.0	0.0	79.55	85.45	0.44		0.45		85.45	83.465	1.43	26.75	26.5	200.0	2.0	1.65	0.69	73.41	0.67	0.72	0.82	0.39	0.87	71.0	7.02	93.13	79.37	0.85	2225.8	19.5	32.79				Free-model	NA	-0.103	-95.6	0.07316231832469867	0.3436791944368186					4	-0.16572	0.09058	-4.4	64.39519	0.16914	0.0057	0.41495	0.06784	67.8275	9.47418	50.515	10.8407	41.265	10.04241
31	TR879TS001_1	001	78.3	100.0	0.46		0.48		62.73		39.31	56.12	5.787	6.137	220.0	6.0	0.0	0.0	79.09	85.91	0.41		0.42		86.82	83.664	1.39	26.75	27.1	206.0	2.2	2.96	0.67	74.77	0.67	0.72	0.81	0.34	0.87	75.65	7.13	93.02	79.38	0.86	2264.3	21.36					Free-model	NA	-0.12718	-95.6	0.07241929191169921	0.3341019486358943					4	-0.18942	0.07959	-25.05	42.81247	0.15807	0.00297	0.36366	0.0433	69.0425	11.73024	52.3525	14.03051	41.59	12.98329
32	TR879TS208_4	208	78.3	100.0			0.48		62.73		42.27	57.27	5.534	6.142	220.0	2.0	0.0	0.0	78.64	85.45			0.4		85.45	83.387	1.39	26.89	26.6	200.0	2.0	1.48	0.69	73.86	0.67	0.72	0.82	0.4	0.87	71.0	7.02	93.17	79.55	0.85	2232.2	19.42	32.78				Free-model	NA	-0.0921	-95.6	0.07397097595570172	0.33838241997440116					4	-0.14298	0.07836	-5.575	62.82063	0.17067	0.00722	0.43521	0.07336	66.89	9.24216	49.5775	10.5426	41.045	9.32366
33	TR879TS001_2	001	78.3	100.0			0.48		61.82		39.27	56.56	5.044	5.57	220.0	3.0	0.0	0.0	77.27	85.45			0.32		85.45	83.311	1.29	27.04	26.4	205.0	2.2	2.56	0.68	74.09	0.67	0.71	0.85	0.4	0.88	77.15	7.13	92.58	78.94	0.86	2207.8	13.35					Free-model	NA	-0.08734	-95.6	0.07564397329595479	0.3509474807901252					4	-0.1314	0.11383	-18.3	48.02473	0.19206	0.06028	0.37389	0.04538	67.5225	12.26013	50.78	14.72074	41.24	13.2737
34	TR879TS081_3	081	78.18	100.0			0.47		62.5		40.77	56.5	5.531	6.077	220.0	4.0	0.0	0.0	78.18	85.0			0.37		85.0	82.813	1.41	26.89	26.3	202.0	2.1	1.78	0.69	73.18	0.67	0.71	0.82	0.37	0.87	76.8	7.13	92.73	78.81	0.85	2203.1	19.34	83.44				Free-model	NA	-0.10803	-95.6	0.07674366427994773	0.36140708218498874					4	-0.20415	0.08689	-25.05	42.81247	0.163	0.01216	0.37292	0.10038	66.42	9.56916	49.735	11.81733	40.57	10.80025
35	TR879TS247_2	247	78.18	100.0			0.47		61.48		45.4	57.41	5.437	5.88	220.0	1.0	0.0	0.0	80.45	87.27			0.5		87.27	84.023	1.44	26.6	26.8	205.0	2.3	1.08	0.71	80.68	0.7	0.73	0.84	0.32	0.88	71.6	7.13	93.39	81.12	0.86	2243.1	18.1					Free-model	NA	-0.02833	-55.49999999999999	0.04266419243917013	0.2934037170052984					4	-0.01044	0.0422	25.65	81.8591	0.10788	0.05571	0.35162	0.10236	73.4975	16.28645	58.14	20.75735	47.1725	17.57734
36	TR879TS208_5	208	77.95	100.0			0.45		62.05		41.77	56.64	5.513	6.141	220.0	2.0	0.0	0.0	79.09	85.45			0.42		85.45	83.272	1.41	26.6	26.6	200.0	2.0	1.78	0.69	72.95	0.67	0.72	0.82	0.39	0.87	71.7	7.13	93.01	79.16	0.85	2226.6	19.24	32.9				Free-model	NA	-0.09445	-95.6	0.07379966608311461	0.3427604493017943					4	-0.13801	0.08537	-20.1	46.41562	0.16991	0.00772	0.39391	0.08397	68.195	9.3741	50.8825	10.74181	41.5425	10.09012
37	TR879TS324_2	324	77.95	100.0			0.45		63.07		40.25	56.64	5.267	5.873	220.0	1.0	0.0	0.0	77.27	83.64			0.32		83.64	82.129	1.37	26.3	26.4	198.0	2.1	2.94	0.69	74.09	0.66	0.71	0.84	0.44	0.87	77.7	7.02	92.95	79.83	0.84	2211.7	12.36	26.93				Free-model	NA	-0.0752	-95.6	0.06867493510488533	0.3557502581528752					4	-0.13278	0.04013	-25.05	42.81247	0.18279	0.03019	0.45664	0.11845	64.18	12.86115	47.65	13.48028	38.1875	11.68844
38	TR879TS480_2	480	77.95	100.0			0.45		62.05		34.18	53.89	5.171	5.876	220.0	3.0	0.0	0.0	77.73	85.91			0.35		85.91	83.303	1.32	26.75	26.2	200.0	2.1	3.48	0.67	71.59	0.63	0.71	0.84	0.37	0.87	67.1	7.13	92.35	78.98	0.85	2198.3	14.37	25.71				Free-model	NA	-0.11798	-95.6	0.08295023724746292	0.4201112811693858					4	-0.22796	0.10885	-22.05	44.83534	0.17896	0.03129	0.38887	0.05288	69.655	9.84782	53.3575	11.77362	43.515	10.25254
39	TR879TS081_2	081	77.84	100.0			0.45		61.25		39.3	55.28	5.527	6.109	220.0	6.0	0.0	0.0	78.64	85.45			0.4		85.45	82.478	1.38	26.89	26.0	202.0	2.1	1.12	0.68	73.41	0.66	0.7	0.82	0.36	0.87	77.7	7.13	92.57	78.42	0.85	2183.9	19.55	83.74				Free-model	NA	-0.09278	-95.6	0.08454712283615186	0.3398422118363001					4	-0.12499	0.07412	-21.825	45.00758	0.18736	0.04893	0.39811	0.06001	67.36	9.90965	50.225	12.37323	40.7725	11.315
40	TR879TS247_1	247	77.84	100.0	0.43		0.45		59.88		42.7	56.83	5.246	5.7	220.0	1.0	0.0	0.0	80.91	87.73	0.52		0.52		87.73	83.939	1.35	27.04	26.5	201.0	1.9	0.5	0.7	81.14	0.69	0.74	0.84	0.34	0.88	74.6	7.13	92.67	80.07	0.86	2222.3	17.34					Free-model	NA	-0.03522	-75.19999999999999	0.041703011740945276	0.30631040236375084					4	-0.07391	0.08075	-22.975	44.15633	0.10633	0.05875	0.27222	0.08419	74.4675	14.92693	59.9225	19.23217	49.305	17.14729
41	TR879TS480_1	480	77.84	100.0	0.43		0.45		62.62		32.94	53.61	5.597	6.303	220.0	3.0	0.0	0.0	77.73	84.09	0.33		0.35		84.09	81.854	1.35	26.3	25.9	198.0	2.1	3.21	0.67	70.68	0.63	0.71	0.81	0.39	0.87	69.3	7.13	92.03	79.06	0.84	2181.5	19.39	26.72				Free-model	NA	-0.11756	-95.6	0.07320989036956208	0.42125504061358565					4	-0.21165	0.05599	-25.05	42.81247	0.16953	0.03185	0.42887	0.07998	67.885	10.01083	51.0175	11.41469	41.1125	10.92821
42	TR879TS324_1	324	77.73	100.0	0.42		0.44		62.84		40.36	56.59	5.268	5.864	220.0	2.0	0.0	0.0	77.73	84.55	0.33		0.35		84.55	82.833	1.35	25.85	26.3	198.0	2.1	2.83	0.69	75.0	0.66	0.71	0.84	0.43	0.87	77.7	7.02	93.03	79.97	0.84	2209.8	12.14	26.95				Free-model	NA	-0.07548	-95.5	0.06451558262054322	0.33126008106171795					4	-0.15712	0.04154	-25.05	42.81247	0.18291	0.02943	0.40371	0.10905	63.8125	13.11163	47.7275	13.74344	38.7575	11.73084
43	TR879TS250_2	250s	77.73	100.0			0.44	0.41	62.5		43.44	57.82	5.852	6.353	220.0	0.0	0.0	0.0	78.64	83.64			0.4	0.5	83.64	81.523	1.29	25.55	26.4	197.0	2.1	1.36	0.7	75.23	0.69	0.72	0.8	0.39	0.86	71.7	7.02	93.21	80.33	0.83	2213.7	19.31	36.78				Free-model	NA	-0.05114	-91.1	0.06714476675985075	0.2908109274313134					4	-0.14275	0.08387	-24.8	42.96068	0.16597	0.0109	0.35985	0.04112	64.595	12.43288	48.275	14.51989	39.235	12.30854
44	TR879TS324_3	324	77.73	100.0			0.44		62.61		40.69	56.66	5.263	5.887	220.0	1.0	0.0	0.0	77.73	83.64			0.35		84.55	82.508	1.37	25.85	26.4	202.0	2.3	2.96	0.69	73.86	0.66	0.71	0.84	0.42	0.87	71.9	7.02	92.95	79.82	0.84	2212.3	12.42	26.88				Free-model	NA	-0.08	-95.6	0.07136575650321027	0.34595821123244724					4	-0.15384	0.0691	-24.75	42.99078	0.19086	0.02217	0.38115	0.06676	64.18	12.86115	47.65	13.48028	38.91	11.47469
45	TR879TS480_5	480	77.61	100.0			0.43		62.5		35.09	54.09	5.315	6.005	220.0	4.0	0.0	0.0	79.09	85.45			0.42		85.91	82.99	1.47	26.45	26.1	199.0	2.2	3.59	0.68	73.64	0.63	0.71	0.73	0.44	0.87	78.8	7.02	92.73	79.09	0.84	2187.9	13.35	26.41				Free-model	NA	-0.11942	-95.6	0.08086317917423376	0.37937540166377287					4	-0.20999	0.1041	-25.05	42.81247	0.18815	0.02427	0.37702	0.06374	67.55	10.08986	50.805	12.53388	40.835	11.27751
46	TR879TS393_1	393	77.61	100.0	0.41		0.43		60.57		38.94	55.12	5.556	6.18	220.0	2.0	0.0	0.0	78.18	86.36	0.35		0.37		86.36	83.21	1.49	26.75	25.9	204.0	2.3	3.32	0.68	72.73	0.65	0.72	0.82	0.38	0.87	69.9	7.13	92.42	78.13	0.85	2178.5	19.55	26.34				Free-model	NA	-0.08389	-95.6	0.07839698812960001	0.35296084408856054					4	-0.16519	0.09423	-24.925	42.88609	0.16954	0.01088	0.39056	0.05287	67.8825	10.01162	51.195	12.286	41.995	10.79455
47	TR879TS324_4	324	77.61	100.0			0.43		62.84		39.44	55.94	5.214	5.806	220.0	2.0	0.0	0.0	77.73	84.09			0.35		84.09	82.55	1.36	26.3	26.2	198.0	2.1	3.04	0.69	74.77	0.66	0.71	0.84	0.43	0.87	77.9	7.02	93.02	79.97	0.84	2202.5	11.28	27.11				Free-model	NA	-0.08115	-95.6	0.06956031995434789	0.35040630206065365					4	-0.19582	0.03944	-25.05	42.81247	0.18347	0.01741	0.33325	0.15061	63.8125	13.11163	47.7275	13.74344	38.7575	11.73084
48	TR879TS324_5	324	77.61	100.0			0.43		62.61		39.3	56.23	5.235	5.836	220.0	1.0	0.0	0.0	77.73	84.09			0.35		85.0	82.283	1.34	26.3	26.4	198.0	2.1	3.12	0.68	75.0	0.65	0.71	0.84	0.43	0.87	75.7	7.02	93.04	79.99	0.84	2211.7	11.67	26.88				Free-model	NA	-0.06741	-95.19999999999999	0.0735403704078275	0.37890499825214674					4	-0.14384	0.05853	-24.925	42.59597	0.17875	0.02564	0.36267	0.1667	64.18	12.86115	48.095	13.46203	38.935	11.67652
49	TR879TS250_3	250s	77.5	100.0			0.42	0.3	62.16		42.35	57.23	5.664	6.162	220.0	0.0	0.0	0.0	78.18	84.09			0.37	0.19	84.09	81.806	1.39	25.55	26.4	199.0	2.2	1.42	0.7	74.55	0.69	0.72	0.82	0.42	0.86	71.7	7.13	93.04	80.05	0.83	2217.9	15.96	37.04				Free-model	NA	-0.04882	-88.5	0.07099851265800808	0.3149263738911567					4	-0.12187	0.07719	-6.075	62.15872	0.17261	0.02748	0.36551	0.06243	62.13	11.77861	46.7	13.51821	37.72	11.84572
50	TR879TS247_5	247	77.5	100.0			0.42		60.8		42.85	56.67	5.462	5.901	220.0	1.0	0.0	0.0	80.91	86.36			0.52		86.82	84.284	1.49	26.75	26.4	202.0	2.1	0.96	0.7	79.32	0.69	0.73	0.83	0.31	0.88	70.1	7.13	93.09	79.85	0.86	2218.1	18.0					Free-model	NA	-0.02653	-50.8	0.050234433900002436	0.279511364889704					4	-0.00447	0.01956	45.425	46.82662	0.12013	0.05455	0.33639	0.08987	70.7425	16.06137	54.2875	19.92832	44.0925	17.04625
51	TR879TS396_4	396	77.39	100.0			0.42		62.16		39.29	56.02	5.117	5.607	220.0	1.0	0.0	0.0	77.27	85.45			0.32		85.45	82.715	1.39	25.85	26.6	200.0	2.1	2.99	0.69	75.23	0.66	0.72	0.84	0.4	0.87	81.7	6.92	92.75	80.89	0.85	2238.3	10.59					Free-model	NA	-0.12288	-95.6	0.07415792709944972	0.34841670480874465					4	-0.23429	0.06382	-25.05	42.81247	0.18388	0.02422	0.35223	0.1097	63.445	13.38771	46.915	14.04229	38.245	11.86713
52	TR879TS220_3	220s	77.39	100.0			0.42	0.25	61.93		39.53	55.81	5.619	6.243	220.0	2.0	0.0	0.0	79.55	85.0			0.45	1.11	85.0	82.893	1.47	25.41	26.0	200.0	2.4	1.84	0.68	72.5	0.67	0.7	0.82	0.35	0.87	74.5	7.13	93.23	80.29	0.84	2189.7	18.77	32.53				Free-model	NA	-0.06488	-93.5	0.05560802054023077	0.31401384177456665					4	-0.0801	0.07385	-0.075	70.32394	0.16792	0.02391	0.36624	0.0272	68.72	10.82892	52.03	13.16069	41.83	11.52613
53	TR879TS081_1	081	77.27	100.0	0.39		0.41		59.55		38.78	54.46	5.533	6.102	220.0	6.0	0.0	0.0	78.64	86.36	0.38		0.4		86.36	81.589	1.42	26.75	25.6	204.0	2.2	1.25	0.67	72.95	0.66	0.7	0.82	0.36	0.87	76.1	7.13	92.41	77.72	0.85	2154.4	20.39	83.91				Free-model	NA	-0.10187	-95.6	0.08195374676720123	0.3337199685501954					4	-0.17202	0.10658	-18.375	47.96866	0.18103	0.03005	0.40601	0.05786	67.41	10.41205	49.2875	11.8327	40.44	10.82222
54	TR879TS247_4	247	77.27	100.0			0.41		59.89		42.08	55.34	5.306	5.883	220.0	1.0	0.0	0.0	80.0	85.45			0.47		85.45	83.933	1.45	25.55	26.1	199.0	2.0	1.27	0.69	77.05	0.69	0.72	0.83	0.34	0.88	78.6	7.02	92.78	79.3	0.85	2192.9	18.07					Free-model	NA	-0.05337	-93.19999999999999	0.054659231853889795	0.2740528628523059					4	-0.09242	0.0604	-3.875	65.10696	0.12776	0.05547	0.23546	0.13694	69.59	17.00654	53.16	20.61299	43.4975	17.89893
55	TR879TS081_5	081	77.16	100.0			0.4		59.32		38.95	54.08	5.547	6.124	220.0	6.0	0.0	0.0	78.64	86.36			0.4		86.36	81.36	1.45	26.75	25.6	204.0	2.2	1.1	0.67	72.95	0.66	0.7	0.82	0.37	0.87	76.1	7.13	92.34	77.57	0.85	2149.9	20.42	84.17				Free-model	NA	-0.1048	-95.6	0.08239239098806353	0.33262956725458714					4	-0.18334	0.13401	-25.025	42.82712	0.18211	0.03145	0.36858	0.04779	67.6675	11.41145	50.17	13.89938	40.7975	12.00265
56	TR879TS162_2	162	77.16	100.0			0.4		60.91		38.56	54.36	5.593	6.18	220.0	0.0	0.0	0.0	77.27	85.91			0.32		85.91	82.223	1.5	26.75	25.3	204.0	2.3	1.09	0.67	72.5	0.66	0.69	0.82	0.38	0.87	72.0	7.02	92.3	77.71	0.84	2132.1	20.17					Free-model	NA	-0.06888	-94.89999999999999	0.07849554470487961	0.35765079258917376					4	-0.10181	0.10144	-22.55	44.29405	0.16359	0.03402	0.38926	0.0363	68.065	10.91997	51.0075	13.41008	41.0375	11.73278
57	TR879TS081_4	081	77.16	100.0			0.4		58.86		38.54	54.09	5.538	6.121	220.0	6.0	0.0	0.0	78.64	86.36			0.4		86.36	81.236	1.46	26.75	25.5	204.0	2.2	1.1	0.67	72.95	0.66	0.7	0.82	0.38	0.87	76.1	7.13	92.36	77.6	0.85	2147.5	20.41	84.05				Free-model	NA	-0.10841	-95.6	0.0822231902546056	0.33434499646473437					4	-0.17369	0.12647	-23.775	43.60805	0.1799	0.0289	0.37196	0.07055	67.0425	10.47509	49.545	12.90163	40.605	11.54751
58	TR879TS220_2	220s	77.16	100.0			0.4	0.14	61.93		40.8	56.48	5.602	6.274	220.0	1.0	0.0	0.0	79.09	84.55			0.42	0.8	84.55	82.777	1.41	26.75	26.0	201.0	2.5	1.65	0.69	71.82	0.67	0.71	0.82	0.37	0.87	72.3	7.13	93.43	80.59	0.84	2187.3	18.17	33.07				Free-model	NA	-0.08943	-95.6	0.052894894997689776	0.32618151814537616					4	-0.12754	0.09164	-24.95	42.87129	0.15452	0.02138	0.42703	0.07296	68.1275	11.03615	51.4375	13.18971	42.21	10.94292
59	TR879TS393_4	393	77.16	100.0			0.4		59.2		38.84	53.93	5.417	6.093	220.0	2.0	0.0	0.0	79.09	86.82			0.42		86.82	83.018	1.5	26.75	25.4	205.0	2.3	3.72	0.67	72.05	0.64	0.71	0.82	0.37	0.87	77.8	7.13	91.88	76.45	0.85	2139.2	19.39	26.26				Free-model	NA	-0.09048	-95.6	0.08799554841616329	0.3636179724833975					4	-0.13846	0.05301	-25.05	42.81247	0.17823	0.01966	0.405	0.0357	67.4575	9.61653	50.405	12.14669	41.765	10.16054
60	TR879TS430_1	430s	77.05	100.0	0.37	0.06	0.39	0.09	61.37	0.1	36.15	53.54	5.59	6.281	220.0	2.0	0.0	0.0	78.18	85.91	0.35	0.33	0.37	0.19	85.91	82.071	1.42	26.75	25.5	202.0	2.2	2.34	0.66	70.45	0.64	0.68	0.82	0.38	0.87	69.0	7.13	92.5	77.72	0.84	2146.9	19.78	32.89				Free-model	NA	-0.07924	-95.39999999999999	0.07388270281444087	0.38042807874889684					4	-0.07559	0.08916	-3.8	63.6226	0.16519	0.01333	0.4136	0.06617	67.7275	11.96338	50.045	13.39874	41.285	11.58555
61	TR879TS450_4	450	77.05	100.0			0.39		62.27		41.28	56.23	5.282	5.909	220.0	2.0	0.0	0.0	76.82	83.18			0.29		83.18	81.912	1.51	26.3	26.4	205.0	2.7	1.56	0.69	71.82	0.68	0.71	0.84	0.34	0.87	80.2	7.02	93.28	80.71	0.84	2215.2	13.48	33.2				Free-model	NA	-0.07377	-95.39999999999999	0.058194460840322176	0.3021246378116136					4	-0.11645	0.05579	-22.95	44.17406	0.15646	0.01368	0.40252	0.03912	64.4275	13.13017	48.91	14.21958	40.0725	12.53709
62	TR879TS430_4	430s	77.05	100.0			0.39	0.09	61.37		36.15	53.54	5.59	6.281	220.0	2.0	0.0	0.0	78.18	85.91			0.37	0.19	85.91	82.071	1.42	26.75	25.5	202.0	2.2	2.34	0.66	70.45	0.64	0.68	0.82	0.38	0.87	69.0	7.13	92.5	77.72	0.84	2146.9	19.78	32.89				Free-model	NA	-0.07924	-95.39999999999999	0.07388270281444087	0.38042807874889684					4	-0.07559	0.08916	-3.8	63.6226	0.16519	0.01333	0.4136	0.06617	67.7275	11.96338	50.045	13.39874	41.285	11.58555
63	TR879TS430_3	430s	77.05	100.0			0.39	0.09	61.37		36.15	53.54	5.59	6.281	220.0	2.0	0.0	0.0	78.18	85.91			0.37	0.19	85.91	82.071	1.42	26.75	25.5	202.0	2.2	2.34	0.66	70.45	0.64	0.68	0.82	0.38	0.87	69.0	7.13	92.5	77.72	0.84	2146.9	19.78	32.89				Free-model	NA	-0.07924	-95.39999999999999	0.07388270281444087	0.38042807874889684					4	-0.07559	0.08916	-3.8	63.6226	0.16519	0.01333	0.4136	0.06617	67.7275	11.96338	50.045	13.39874	41.285	11.58555
64	TR879TS430_5	430s	77.05	100.0			0.39	0.09	61.37		36.15	53.54	5.59	6.281	220.0	2.0	0.0	0.0	78.18	85.91			0.37	0.19	85.91	82.071	1.42	26.75	25.5	202.0	2.2	2.34	0.66	70.45	0.64	0.68	0.82	0.38	0.87	69.0	7.13	92.5	77.72	0.84	2146.9	19.78	32.89				Free-model	NA	-0.07924	-95.39999999999999	0.07388270281444087	0.38042807874889684					4	-0.07559	0.08916	-3.8	63.6226	0.16519	0.01333	0.4136	0.06617	67.7275	11.96338	50.045	13.39874	41.285	11.58555
65	TR879TS430_2	430s	77.05	100.0			0.39	0.09	61.37		36.15	53.54	5.59	6.281	220.0	2.0	0.0	0.0	78.18	85.91			0.37	0.19	85.91	82.071	1.42	26.75	25.5	202.0	2.2	2.34	0.66	70.45	0.64	0.68	0.82	0.38	0.87	69.0	7.13	92.5	77.72	0.84	2146.9	19.78	32.89				Free-model	NA	-0.07924	-95.39999999999999	0.07388270281444087	0.38042807874889684					4	-0.07559	0.08916	-3.8	63.6226	0.16519	0.01333	0.4136	0.06617	67.7275	11.96338	50.045	13.39874	41.285	11.58555
66	TR879TS396_3	396	76.93	100.0			0.39		61.59		38.45	55.0	5.19	5.781	220.0	1.0	0.0	0.0	78.18	85.45			0.37		85.45	82.544	1.37	26.3	26.1	202.0	2.3	2.43	0.68	73.18	0.65	0.7	0.84	0.41	0.87	86.8	6.92	92.61	79.46	0.84	2206.3	11.2					Free-model	NA	-0.12417	-95.6	0.08095686979655897	0.34356953109423405					4	-0.24671	0.09474	-25.05	42.81247	0.19188	0.04486	0.39867	0.11356	63.3675	13.11842	46.835	13.79893	38.555	11.59188
67	TR879TS011_5	011	76.82	100.0			0.38		60.8		41.09	56.03	5.319	5.927	220.0	2.0	0.0	0.0	78.64	84.09			0.4		84.09	82.047	1.42	25.7	25.8	198.0	2.5	1.48	0.68	73.86	0.68	0.7	0.84	0.36	0.87	80.7	7.02	93.18	80.42	0.84	2167.1	13.34	32.73				Free-model	NA	-0.08503	-95.6	0.05299983846826471	0.3169846561517234					4	-0.1307	0.08744	-25.05	42.81247	0.1565	0.0176	0.3946	0.09775	65.4325	12.92583	49.5775	14.89324	40.62	12.80098
68	TR879TS393_3	393	76.82	100.0			0.38		59.89		38.95	54.55	5.462	6.149	220.0	2.0	0.0	0.0	78.64	86.36			0.4		86.36	83.489	1.49	26.89	25.5	205.0	2.2	3.8	0.67	72.5	0.65	0.71	0.81	0.37	0.87	79.8	7.13	91.85	76.32	0.85	2147.8	19.51	26.14				Free-model	NA	-0.12916	-95.6	0.08624047993932876	0.3591869952069487					4	-0.20815	0.05555	-25.05	42.81247	0.17823	0.01279	0.3807	0.04253	67.6375	10.64207	50.5825	13.21856	41.3925	11.07737
69	TR879TS162_4	162	76.7	100.0			0.37		59.88		38.04	53.47	5.618	6.228	220.0	0.0	0.0	0.0	76.82	85.91			0.29		85.91	82.075	1.48	26.89	24.9	205.0	2.4	1.33	0.66	72.95	0.66	0.69	0.82	0.37	0.87	72.6	7.02	91.9	76.85	0.84	2111.0	20.44					Free-model	NA	-0.09205	-95.6	0.07480651495472182	0.36946022974511455					4	-0.14684	0.08126	-25.025	42.82712	0.15559	0.01611	0.37995	0.1106	67.19	10.7358	50.1375	13.32051	40.895	12.02496
70	TR879TS011_4	011	76.7	100.0			0.37		62.5		45.04	57.68	5.434	6.038	220.0	2.0	0.0	0.0	78.18	82.27			0.37		82.27	81.75	1.41	26.6	26.3	203.0	2.7	1.62	0.7	72.27	0.7	0.71	0.84	0.34	0.86	71.1	7.02	93.24	80.77	0.84	2204.0	13.49	33.49				Free-model	NA	-0.06066	-93.39999999999999	0.050543587457192264	0.2970514503308636					4	-0.11125	0.08419	-25.025	42.82712	0.13948	0.03546	0.36735	0.02991	66.645	11.34856	50.1675	12.11433	42.005	10.58934
71	TR879TS162_5	162	76.48	100.0			0.36		60.45		37.14	53.31	5.591	6.206	220.0	0.0	0.0	0.0	77.27	85.91			0.32		85.91	82.291	1.48	26.75	25.1	202.0	2.1	1.15	0.66	72.95	0.66	0.69	0.82	0.37	0.87	73.7	7.02	92.01	76.96	0.84	2111.1	20.64					Free-model	NA	-0.08981	-95.6	0.07508700391831467	0.3915746314599349					4	-0.12753	0.07566	-17.425	48.88089	0.15272	0.02774	0.41753	0.09343	67.4375	9.96227	49.7575	11.4362	40.2075	10.56452
72	TR879TS011_2	011	76.48	100.0			0.36		60.34		39.34	54.17	5.264	5.936	220.0	1.0	0.0	0.0	78.64	83.64			0.4		83.64	80.955	1.4	26.0	26.0	200.0	2.5	1.88	0.67	73.64	0.68	0.7	0.84	0.4	0.87	77.7	7.13	92.81	79.77	0.84	2179.8	13.32	34.07				Free-model	NA	-0.07777	-95.5	0.05471949197559354	0.3591200269908506					4	-0.15112	0.09365	-25.025	42.82653	0.15844	0.01798	0.38779	0.07345	64.785	12.05568	49.3225	13.63283	40.5825	12.14079
73	TR879TS446_1	446s	76.36	100.0	0.32	-0.37	0.35	-0.24	59.66	-0.66	40.2	53.21	5.49	6.116	220.0	1.0	0.0	0.0	76.82	86.82	0.27	-1.67	0.29	-0.72	86.82	82.348	1.63	27.19	25.6	204.0	2.3	1.51	0.68	72.05	0.66	0.7	0.82	0.41	0.87	79.9	7.13	91.94	77.65	0.84	2155.3	19.44	86.13				Free-model	NA	-0.06296	-94.8	0.07608143414216795	0.32291242128386594					4	-0.09186	0.09421	-0.075	0.6057	0.16885	0.00786	0.34497	0.05537	64.6375	9.7981	47.715	10.74037	39.245	9.7339
74	TR879TS102_1	102	76.36	100.0	0.32		0.35		59.2		35.92	53.83	5.431	5.909	220.0	7.0	0.0	0.0	77.73	85.0	0.33		0.35		85.0	81.011	1.5	26.75	25.0	204.0	2.3	1.74	0.66	75.0	0.65	0.69	0.83	0.37	0.87	80.93	7.13	91.88	77.06	0.84	2099.4	18.87					Free-model	NA	-0.16523	-95.6	0.0783343094785574	0.31971618896416026					4	-0.31826	0.106	-25.05	42.81247	0.18824	0.00602	0.31426	0.06783	66.79	9.52484	48.35	11.50059	39.48	10.06945
75	TR879TS162_1	162	76.25	100.0	0.32		0.34		58.52		37.82	53.37	5.643	6.266	220.0	0.0	0.0	0.0	78.18	85.0	0.35		0.37		85.0	82.041	1.46	26.75	25.0	204.0	2.3	1.07	0.66	72.5	0.66	0.69	0.81	0.39	0.87	71.0	7.02	92.11	77.54	0.84	2105.2	20.43					Free-model	NA	-0.08611	-95.5	0.07293280205068203	0.35370614045759174					4	-0.11359	0.09934	-0.85	69.29825	0.15227	0.02783	0.38757	0.04849	68.14	11.08513	51.085	13.57357	40.7425	11.92025
76	TR879TS393_2	393	76.02	100.0			0.33		58.3		37.91	52.92	5.623	6.25	220.0	2.0	0.0	0.0	77.73	85.45			0.35		85.45	82.628	1.51	26.6	25.0	200.0	2.1	3.72	0.66	71.82	0.64	0.71	0.81	0.4	0.87	72.7	7.13	91.68	75.86	0.84	2102.2	20.36	26.97				Free-model	NA	-0.12274	-95.6	0.08647642454837033	0.3525283976702851					4	-0.17994	0.10041	-24.7	43.02104	0.17288	0.0184	0.42106	0.02013	68.0625	10.92002	51.0075	13.41008	42.0075	11.82648
77	TR879TS450_2	450	76.02	100.0			0.33		60.45		41.45	55.19	5.223	5.863	220.0	1.0	0.0	0.0	79.55	85.0			0.45		85.0	81.864	1.5	26.75	26.3	202.0	2.6	1.93	0.68	73.18	0.68	0.71	0.84	0.36	0.87	82.8	7.13	93.26	80.66	0.84	2206.7	12.27	34.19				Free-model	NA	-0.0645	-95.0	0.046119274538046	0.30614265252056794					4	-0.07282	0.05948	-16.675	49.45874	0.13787	0.04448	0.27485	0.11327	66.865	11.07321	50.335	11.3841	40.785	9.67906
78	TR879TS060_5	060	75.91	100.0			0.32		60.0		35.76	52.89	6.314	6.888	220.0	0.0	0.0	0.0	75.91	83.64			0.24		83.64	81.156	1.36	26.0	24.7	196.0	2.0	1.64	0.63	72.5	0.64	0.67	0.75	0.35	0.86	69.9	7.02	92.14	77.14	0.83	2082.9	30.07	86.37				Free-model	NA	-0.14238	-95.6	0.0792660046278468	0.36505433299960083					4	-0.24867	0.02693	-25.05	42.81247	0.17816	0.0657	0.42033	0.09081	65.445	12.9512	47.765	14.51809	38.62	13.37103
79	TR879TS001_5	001	75.91	100.0			0.32		58.41		38.21	53.76	5.552	6.001	220.0	2.0	0.0	0.0	77.27	85.45			0.32		85.45	82.835	1.55	26.89	25.3	202.0	2.1	2.5	0.66	74.09	0.65	0.69	0.82	0.37	0.87	78.74	7.13	92.06	77.01	0.85	2128.9	19.3					Free-model	NA	-0.20567	-95.6	0.08193842019075336	0.3612621016445662					4	-0.28077	0.07755	-25.05	42.81247	0.17119	0.0044	0.3788	0.04937	66.1975	11.60575	48.9075	12.64777	39.765	11.53744
80	TR879TS396_5	396	75.8	100.0			0.31		60.8		37.05	54.93	5.388	5.956	220.0	1.0	0.0	0.0	76.82	82.73			0.29		84.09	80.574	1.41	26.15	25.9	200.0	2.3	2.71	0.67	73.86	0.65	0.7	0.81	0.45	0.86	76.2	6.92	92.56	78.79	0.83	2188.8	12.09					Free-model	NA	-0.14337	-95.6	0.07478175906147759	0.3730316624685951					4	-0.31931	0.12542	-25.05	42.81247	0.18541	0.03373	0.4408	0.1308	63.1875	12.10795	45.8425	13.03752	36.9875	11.68705
81	TR879TS450_5	450	75.8	100.0			0.31		59.77		43.69	55.29	5.258	5.851	220.0	1.0	0.0	0.0	77.73	85.0			0.35		85.0	81.535	1.53	26.89	26.2	201.0	2.4	1.96	0.68	74.09	0.68	0.71	0.85	0.34	0.87	79.3	7.13	93.04	80.23	0.84	2197.9	12.28	33.9				Free-model	NA	-0.04998	-90.8	0.045330730358429966	0.30439411785988474					4	-0.09159	0.09227	-3.6	65.15336	0.13622	0.04527	0.3167	0.11048	67.2325	11.16595	50.78	11.25683	41.365	10.26023
82	TR879TS162_3	162	75.8	100.0			0.31		59.09		37.93	53.69	5.566	6.187	220.0	0.0	0.0	0.0	78.18	84.09			0.37		84.09	82.217	1.47	26.89	25.2	203.0	2.2	1.35	0.66	72.27	0.66	0.69	0.82	0.39	0.87	71.1	7.02	92.14	77.05	0.84	2122.5	19.71					Free-model	NA	-0.07842	-95.5	0.07749038874842949	0.3628053732167335					4	-0.09571	0.06923	-24.925	42.76993	0.16647	0.03241	0.3735	0.07984	66.855	11.52875	49.8025	14.03439	40.15	12.10382
83	TR879TS060_2	060	75.68	100.0			0.3		59.43		37.72	51.39	5.268	5.894	220.0	0.0	0.0	0.0	74.55	83.64			0.17		83.64	80.977	1.57	26.75	24.4	203.0	2.3	1.52	0.63	71.59	0.63	0.66	0.82	0.34	0.9	78.6	7.02	91.52	75.52	0.83	2061.0	24.85	89.45				Free-model	NA	-0.11316	-95.6	0.08716584299050567	0.31937446868379993					4	-0.28703	0.10972	-25.05	42.81247	0.21216	0.03906	0.2775	0.03795	68.2475	11.36039	50.3775	14.34228	40.9125	13.06539
84	TR879TS102_5	102	75.57	100.0			0.3		57.95		37.68	52.84	5.538	6.08	220.0	2.0	0.0	0.0	76.82	84.55			0.29		84.55	81.449	1.56	26.89	24.4	204.0	2.3	2.06	0.64	72.5	0.64	0.69	0.83	0.38	0.87	88.2	7.02	91.26	75.39	0.84	2058.0	19.39	80.02				Free-model	NA	-0.22966	-95.6	0.08570550512400958	0.35077117643581496					4	-0.39085	0.18657	-25.05	42.81247	0.19077	0.02901	0.3653	0.09611	65.44	10.42202	48.2275	11.82399	39.1475	10.40162
85	TR879TS011_3	011	75.45	100.0			0.29		59.77		36.08	54.26	5.565	6.288	220.0	1.0	0.0	0.0	78.64	84.09			0.4		84.09	81.541	1.48	26.3	25.6	199.0	2.3	1.86	0.66	73.18	0.67	0.69	0.83	0.37	0.86	81.3	7.13	92.71	78.91	0.83	2155.7	13.92	33.54				Free-model	NA	-0.06697	-95.0	0.051221073692847605	0.34993495583925227					4	-0.10884	0.07438	-21.6	45.18252	0.15361	0.01406	0.40911	0.05351	65.385	12.24958	49.4775	13.88076	39.98	12.51153
86	TR879TS011_1	011	75.45	100.0	0.26		0.29		59.2		37.72	53.21	5.373	6.001	220.0	1.0	0.0	0.0	78.64	83.18	0.38		0.4		83.18	80.801	1.44	26.3	25.4	199.0	2.5	1.94	0.67	73.41	0.67	0.7	0.83	0.36	0.86	78.3	7.13	93.09	80.49	0.83	2134.9	13.92	34.64				Free-model	NA	-0.07303	-95.3	0.05244914812326219	0.3289560012743041					4	-0.11145	0.07409	-24.6	43.08201	0.15411	0.0137	0.37295	0.02148	66.9025	12.41447	51.05	14.26721	41.6275	12.44462
87	TR879TS450_1	450	75.45	100.0	0.26		0.29		59.66		39.74	54.05	5.262	5.839	220.0	1.0	0.0	0.0	78.64	84.55	0.38		0.4		84.55	81.043	1.46	26.6	25.9	201.0	2.5	1.79	0.67	74.09	0.68	0.7	0.85	0.36	0.87	81.3	7.13	93.08	80.1	0.84	2173.7	12.64	34.4				Free-model	NA	-0.05666	-91.5	0.046052063907234174	0.3308951506243558					4	-0.07921	0.09515	-12.6	51.53955	0.13476	0.03953	0.35375	0.07766	67.725	13.40746	52.21	14.30081	42.72	12.36869
88	TR879TS247_3	247	75.45	100.0			0.29		57.95		41.54	53.52	5.435	5.879	220.0	1.0	0.0	0.0	80.0	85.45			0.47		85.45	82.041	1.6	25.85	25.3	202.0	2.3	1.03	0.68	78.86	0.69	0.72	0.83	0.34	0.87	71.1	7.13	91.82	78.09	0.84	2125.5	17.97					Free-model	NA	-0.05099	-92.0	0.05243810268388587	0.29911602601827536					4	-0.03862	0.07218	-2.125	67.51383	0.12586	0.06146	0.25444	0.06498	70.3725	16.21241	54.49	20.91194	44.45	17.51545
89	TR879TS001_4	001	75.34	100.0			0.28		57.05		36.92	52.62	5.71	6.093	220.0	2.0	0.0	0.0	78.18	86.36			0.37		86.36	83.028	1.46	26.89	25.3	201.0	2.0	2.31	0.65	72.5	0.64	0.69	0.81	0.37	0.87	83.62	7.13	91.97	76.88	0.85	2126.6	20.81					Free-model	NA	-0.18383	-95.6	0.08626119340586107	0.3710355307923178					4	-0.26252	0.09133	-25.05	42.81247	0.18048	0.01171	0.3884	0.04771	67.1575	12.27293	51.35	16.85197	41.1	14.43211
90	TR879TS257_1	257	75.23	100.0	0.25		0.27		58.29		37.64	52.54	5.383	5.865	220.0	1.0	0.0	0.0	78.64	85.45	0.38		0.4		85.45	81.99	1.53	26.6	26.2	202.0	2.4	2.2	0.68	76.59	0.67	0.72	0.8	0.29	0.88	74.1	7.13	92.55	79.38	0.84	2197.0	22.79	26.84				Free-model	NA	-0.02811	-55.49999999999999	0.06113807333505942	0.3197275336583555					4	-0.04167	0.048	-2.2	67.00701	0.19043	0.08385	0.3375	0.06732	68.7775	17.25367	52.09	19.6872	42.9525	16.64468
91	TR879TS450_3	450	75.23	100.0			0.27		57.95		38.96	52.91	5.325	5.904	220.0	1.0	0.0	0.0	79.55	84.55			0.45		84.55	80.965	1.51	26.89	25.6	202.0	2.6	1.75	0.66	73.64	0.67	0.7	0.85	0.37	0.87	84.2	7.13	92.82	79.51	0.83	2153.2	13.85	32.76				Free-model	NA	-0.0467	-83.19999999999999	0.04860936081156364	0.3492036187105805					4	-0.04171	0.0788	13.5	74.00128	0.14566	0.03622	0.33743	0.09946	66.8425	11.72004	50.445	10.65463	40.2	8.40419
92	TR879TS220_1	220s	75.0	100.0	0.23	-1.22	0.26	-0.88	58.86	-1.02	36.4	53.16	5.635	6.236	220.0	1.0	0.0	0.0	78.18	84.55	0.35	0.33	0.37	0.19	84.55	81.2	1.43	26.45	24.9	199.0	2.4	2.32	0.66	73.64	0.65	0.69	0.82	0.38	0.86	74.5	7.13	91.83	77.42	0.83	2095.1	17.66	34.55				Free-model	NA	-0.0805	-95.5	0.055159509734765674	0.3472285672531316					4	-0.13286	0.08447	-1.825	67.09457	0.14838	0.03319	0.4456	0.08295	68.5825	12.28985	52.345	14.55153	43.285	12.34523
93	TR879TS060_3	060	75.0	100.0			0.26		58.18		34.72	50.72	4.126	4.679	220.0	0.0	0.0	0.0	74.09	80.91			0.14		80.91	79.197	1.42	26.6	23.8	202.0	2.5	1.6	0.62	71.59	0.63	0.66	0.89	0.32	0.9	75.5	7.02	91.13	75.67	0.83	2012.4	9.93	88.25				Free-model	NA	-0.10347	-95.6	0.08386385521378807	0.3425747059021682					4	-0.29384	0.10032	-25.05	42.81247	0.22667	0.06238	0.34435	0.09619	66.6725	10.73333	48.365	11.2342	40.1525	9.85692
94	TR879TS060_1	060	74.77	100.0	0.21		0.24		58.52		35.6	50.94	6.031	6.63	220.0	0.0	0.0	0.0	74.55	85.0	0.13		0.17		85.0	81.559	1.61	24.81	24.4	200.0	2.2	1.56	0.63	72.05	0.63	0.66	0.77	0.39	0.86	80.0	7.02	91.45	75.57	0.83	2055.4	32.91	88.61				Free-model	NA	-0.13183	-95.6	0.08684953728722018	0.37252291574139085					4	-0.27473	0.16439	-25.05	42.81247	0.2339	0.04335	0.47746	0.05643	66.505	13.1727	51.145	13.21018	40.9875	12.44526
95	TR879TS060_4	060	74.77	100.0			0.24		58.52		33.51	51.19	6.168	6.807	220.0	0.0	0.0	0.0	75.91	84.09			0.24		84.09	80.614	1.46	25.55	24.3	195.0	2.0	1.73	0.62	72.5	0.63	0.66	0.76	0.4	0.86	84.6	6.92	91.73	75.98	0.83	2049.7	29.41	86.91				Free-model	NA	-0.13218	-95.6	0.0860695091019764	0.36981573474461615					4	-0.29391	0.08724	-25.05	42.81247	0.22103	0.04721	0.41978	0.04803	62.555	13.42091	46.0675	14.32068	37.15	13.27296
96	TR879TS257_2	257	73.86	100.0			0.18		55.68		38.43	51.23	4.07	4.407	220.0	1.0	0.0	0.0	80.0	87.73			0.47		87.73	81.639	1.58	26.89	26.3	202.0	2.2	2.13	0.69	77.27	0.67	0.74	0.9	0.34	0.9	72.6	7.13	92.76	80.49	0.84	2206.5	7.84	26.96				Free-model	NA	-0.04694	-86.5	0.05524557464034688	0.2950582608253943					4	-0.09297	0.12444	-24.5	43.07105	0.1691	0.02334	0.29644	0.05857	73.0925	8.6005	56.225	9.85832	45.9175	8.39492
97	TR879TS102_2	102	73.75	100.0			0.18		54.43		35.62	50.25	5.328	5.938	220.0	24.0	0.0	0.0	78.18	85.0			0.37		85.0	79.803	1.62	26.75	23.6	203.0	2.3	2.41	0.62	72.5	0.61	0.67	0.83	0.38	0.87	83.42	7.13	90.27	73.89	0.84	1990.0	19.14					Free-model	NA	-0.17356	-95.6	0.10364113887712413	0.3589046880300742					4	-0.28622	0.09437	-25.05	42.81247	0.23194	0.0407	0.37177	0.0807	68.485	9.38551	50.435	10.80634	41.975	10.00915
98	TR879TS073_2	073	73.3	100.0			0.15		55.79		38.79	50.94	5.939	6.517	220.0	2.0	0.0	0.0	76.36	83.18			0.27		83.18	79.813	1.54	26.75	23.7	194.0	2.3	1.93	0.65	73.18	0.64	0.7	0.8	0.37	0.86	71.0	6.92	91.06	75.15	0.82	2005.1	23.47	86.85				Free-model	NA	-0.08967	-95.6	0.0752574414603021	0.3111048633958654					4	-0.11928	0.10139	-23.95	43.49307	0.16757	0.00527	0.40975	0.08104	66.715	12.34539	50.0275	14.763	40.665	12.41439
99	TR879TS265_1	265	73.07	100.0	0.09		0.13		55.23		36.72	49.78	5.701	6.226	220.0	2.0	0.0	0.0	74.55	85.45	0.13		0.17		85.45	81.152	1.67	26.89	23.8	204.0	2.4	1.9	0.66	74.55	0.65	0.69	0.82	0.38	0.87	72.3	6.92	91.22	75.68	0.84	2012.5	21.15	86.1				Free-model	NA	-0.06024	-94.1	0.07973802499046356	0.3360021719690484					4	-0.05295	0.10539	26.575	41.80696	0.16858	0.01389	0.37482	0.12388	67.815	11.77675	49.7475	13.70217	40.4775	11.80432
100	TR879TS220_4	220s	72.95	100.0			0.12	-1.85	58.07		41.84	53.49	5.665	6.249	220.0	1.0	0.0	0.0	74.09	78.64			0.14	-2.56	80.91	78.403	1.36	25.26	24.6	192.0	2.2	2.05	0.67	71.59	0.67	0.69	0.82	0.46	0.85	76.9	6.92	91.04	78.15	0.81	2074.8	15.07	36.2				Free-model	NA	-0.09588	-95.6	0.06437735670927934	0.3152376375426468					4	-0.19442	0.11683	-25.05	42.81247	0.16742	0.04068	0.30995	0.06238	65.3525	10.97116	49.39	11.58684	39.3625	8.5173
101	TR879TS480_4	480	72.95	100.0			0.12		58.64		30.42	50.66	6.216	6.7	220.0	3.0	0.0	0.0	74.09	80.0			0.14		80.0	78.764	1.51	25.11	23.9	191.0	2.2	3.45	0.64	67.27	0.6	0.67	0.69	0.47	0.85	78.9	6.92	89.86	75.4	0.8	2016.8	17.06	30.2				Free-model	NA	-0.12659	-95.6	0.09181783566868783	0.4512669042925358					4	-0.24022	0.14148	-25.05	42.81247	0.21271	0.06406	0.50155	0.07913	60.3125	6.14374	43.865	5.06281	35.8125	4.56132
102	TR879TS073_4	073	72.95	100.0			0.12		55.8		38.67	50.92	6.018	6.65	220.0	2.0	0.0	0.0	74.55	83.18			0.17		83.64	79.119	1.64	26.15	24.0	201.0	2.5	1.82	0.66	71.59	0.65	0.7	0.8	0.4	0.86	70.9	7.02	90.92	75.46	0.82	2026.3	23.81	87.13				Free-model	NA	-0.07064	-95.5	0.07596433674023202	0.3266366291809262					4	-0.0999	0.08713	-1.05	69.01672	0.16511	0.00702	0.44204	0.03656	64.7825	10.57566	47.29	10.61916	38.835	9.26131
103	TR879TS265_5	265	72.84	100.0			0.12		54.2		35.44	47.99	5.541	6.119	220.0	2.0	0.0	0.0	74.55	85.45			0.17		85.45	80.204	1.67	27.04	23.5	203.0	2.2	1.79	0.65	73.86	0.65	0.69	0.83	0.39	0.87	84.3	6.92	90.03	74.38	0.83	1991.4	20.2	85.54				Free-model	NA	-0.07105	-95.39999999999999	0.0754778807886743	0.31634307127326755					4	-0.08077	0.05907	-23.225	43.9261	0.154	0.00806	0.34014	0.08467	67.95	10.21627	50.66	11.38458	41.0925	10.74037
104	TR879TS474_2	474	72.61	100.0			0.1		53.3		32.58	47.7	4.76	4.98	220.0	1.0	0.0	0.0	80.45	87.73			0.5		87.73	80.75	1.7	26.45	25.7	202.0	2.4	2.94	0.66	79.32	0.66	0.73	0.89	0.26	0.89	76.9	7.13	92.25	79.54	0.83	2159.3	8.91	83.07				Free-model	NA	-0.06483	-94.19999999999999	0.0482994707160168	0.35131437016119155					4	-0.04204	0.03633	-22.725	43.65486	0.1318	0.04929	0.34701	0.15914	73.4825	15.09581	57.24	17.02494	46.67	14.92531
105	TR879TS102_3	102	72.61	100.0			0.1		54.09		34.24	49.6	5.417	5.88	220.0	2.0	0.0	0.0	77.27	84.55			0.32		84.55	80.313	1.59	26.75	23.4	201.0	2.4	2.12	0.62	74.32	0.63	0.68	0.82	0.41	0.86	75.56	7.13	90.82	74.15	0.83	1980.0	18.6	80.74				Free-model	NA	-0.23687	-95.6	0.08823030111932749	0.3539378646346007					4	-0.50384	0.14672	-25.05	42.81247	0.20099	0.02282	0.36226	0.12027	65.5175	11.84815	46.8475	12.40447	37.4375	10.84056
106	TR879TS073_3	073	72.61	100.0			0.1		55.23		39.07	49.82	5.833	6.344	220.0	2.0	0.0	0.0	71.82	81.82			0.01		81.82	78.365	1.72	26.3	23.3	195.0	2.4	2.0	0.66	72.73	0.65	0.7	0.81	0.39	0.86	71.4	6.92	90.18	75.58	0.81	1970.2	21.62	86.18				Free-model	NA	-0.0739	-95.6	0.0787559285778191	0.32206543078225963					4	-0.12761	0.09639	-23.725	43.64123	0.17121	0.00454	0.42827	0.06571	68.955	11.01321	50.8275	12.42539	41.705	10.67337
107	TR879TS265_2	265	72.39	100.0			0.09		53.64		35.38	49.03	5.564	6.129	220.0	2.0	0.0	0.0	73.64	85.91			0.12		85.91	80.1	1.65	26.75	23.8	205.0	2.6	1.77	0.65	72.73	0.65	0.69	0.83	0.39	0.87	75.3	6.92	90.26	74.7	0.83	2013.2	19.74	86.04				Free-model	NA	-0.06628	-95.19999999999999	0.07880699216793041	0.3180667446752323					4	-0.09715	0.11348	-0.05	70.43016	0.16033	0.01544	0.34217	0.10373	69.6025	11.64644	51.9225	13.18176	41.65	11.12258
108	TR879TS474_1	474	72.16	100.0	0.03		0.07		52.5		32.93	47.64	4.041	4.525	220.0	1.0	0.0	0.0	79.55	88.18	0.44		0.45		88.18	80.746	1.67	27.04	25.7	207.0	2.6	3.2	0.65	77.27	0.65	0.71	0.9	0.32	0.9	74.3	7.13	92.28	79.56	0.84	2156.2	8.48	83.84				Free-model	NA	-0.08288	-95.6	0.059320787573288854	0.382852280531167					4	-0.15106	0.10305	-25.05	42.81247	0.18395	0.03458	0.41511	0.05199	72.59	8.42611	55.6975	10.15026	44.9125	9.07942
109	TR879TS102_4	102	71.82	100.0			0.05		52.16		33.3	47.83	5.456	5.922	220.0	2.0	0.0	0.0	75.91	83.18			0.24		83.18	78.761	1.69	26.6	22.6	201.0	2.5	2.67	0.61	73.18	0.61	0.67	0.82	0.4	0.87	78.94	7.02	89.79	72.26	0.82	1912.9	20.36	81.2				Free-model	NA	-0.26464	-95.6	0.09073974906602986	0.328009769313411					4	-0.47014	0.10359	-25.05	42.81247	0.18621	0.00585	0.35608	0.06026	63.0075	10.277	44.7575	10.90388	36.855	9.77677
110	TR879TS265_4	265	71.59	100.0			0.03		52.38		32.68	44.84	5.535	6.124	220.0	2.0	0.0	0.0	72.27	84.09			0.04		84.09	78.916	1.77	26.89	23.2	204.0	2.6	1.87	0.64	72.27	0.65	0.68	0.83	0.39	0.87	84.3	7.02	90.34	74.97	0.82	1963.8	18.83	84.45				Free-model	NA	-0.08222	-95.6	0.07826634310493862	0.3243526941117609					4	-0.08706	0.07605	-4.25	64.59805	0.15917	0.01788	0.35952	0.1612	69.3675	11.34328	52.7025	13.42385	43.265	11.58685
111	TR879TS220_5	220s	71.59	100.0			0.03	-2.49	55.68		37.57	50.89	6.109	6.646	220.0	1.0	0.0	0.0	74.55	80.91			0.17	-2.25	82.73	78.449	1.57	25.55	23.9	190.0	2.0	1.65	0.65	71.36	0.65	0.67	0.78	0.48	0.84	70.8	6.92	89.57	77.37	0.81	2022.0	16.47	37.2				Free-model	NA	-0.07293	-95.0	0.06434683290167827	0.3506790647783771					4	-0.13356	0.02663	-25.05	42.81247	0.16657	0.03789	0.43386	0.07472	67.2675	10.92873	52.12	11.18997	42.1475	9.2935
112	TR879TS118_2	118	70.68	100.0			-0.03		52.05		38.65	49.09	5.449	5.97	220.0	2.0	0.0	0.0	72.27	82.73			0.04		82.73	77.66	1.7	26.45	22.1	199.0	2.5	1.85	0.62	66.36	0.62	0.65	0.81	0.42	0.86	77.15	7.02	87.6	70.58	0.82	1876.1	18.29					Free-model	NA	-0.16724	-95.6	0.1013879733996304	0.2874987175051622					4	-0.11795	0.0593	-24.925	42.88609	0.25772	0.03716	0.29819	0.03179	60.185	5.68172	41.8225	6.18931	32.345	4.72054
113	TR879TS265_3	265	70.45	100.0			-0.04		51.93		33.98	44.95	5.694	6.241	220.0	2.0	0.0	0.0	73.18	84.09			0.09		84.09	78.133	1.76	26.89	23.3	204.0	2.5	1.9	0.64	72.73	0.65	0.69	0.82	0.39	0.86	82.9	6.92	90.07	74.98	0.82	1976.2	20.42	83.33				Free-model	NA	-0.05648	-93.39999999999999	0.08076875702790484	0.312759379644095					4	-0.08084	0.12141	1.25	70.41465	0.17238	0.02886	0.27338	0.11183	67.815	11.77675	50.315	14.52719	40.3725	12.32964
114	TR879TS073_1	073	69.77	100.0	-0.14		-0.09		52.73		35.32	45.77	6.103	6.666	220.0	2.0	0.0	0.0	71.36	81.36	-0.06		-0.01		81.82	76.193	1.76	26.0	22.4	201.0	2.6	1.83	0.64	70.45	0.63	0.68	0.8	0.41	0.85	70.9	7.02	89.52	74.17	0.8	1905.9	22.95	85.16				Free-model	NA	-0.07616	-95.6	0.07732501845365411	0.33581255901787743					4	-0.11854	0.10124	-15.725	50.6059	0.16502	0.00395	0.43792	0.05943	64.9425	10.28601	47.705	11.70421	38.8225	10.72481
115	TR879TS118_3	118	67.73	100.0			-0.22		47.5		31.59	43.36	5.311	5.911	220.0	2.0	0.0	0.0	72.73	81.82			0.07		81.82	65.459	1.92	27.34	21.0	198.0	2.5	1.46	0.59	70.0	0.61	0.65	0.83	0.42	0.86	73.46	6.92	87.83	69.7	0.8	1786.5	17.54					Free-model	NA	-0.14275	-95.6	0.09600149467470297	0.3737122332434677					4	-0.16079	0.09528	-0.5	0.5	0.22171	0.01676	0.40202	0.04288	62.5275	7.47298	45.005	6.88569	36.1775	5.50345
116	TR879TS204_3	204	67.5	100.0			-0.24		46.02		24.86	41.09	5.658	6.443	220.0	6.0	0.0	0.0	73.18	85.0			0.09		85.0	76.053	1.88	26.89	20.2	202.0	2.4	1.95	0.53	60.68	0.53	0.59	0.81	0.43	0.86	40.4	6.92	85.21	64.21	0.81	1734.4	22.56					Free-model	NA	-0.22906	-95.6	0.17208741787700269	0.47310809928162095					4	-0.21466	0.10231	-24.75	42.99078	0.2298	0.018	0.49783	0.0236	66.725	11.18847	48.6525	13.08529	39.59	11.7455
117	TR879TS204_2	204	66.59	100.0			-0.3		45.34		25.3	40.51	5.686	6.532	220.0	6.0	0.0	0.0	71.82	85.45			0.01		85.45	65.855	1.89	26.89	20.2	202.0	2.5	1.92	0.53	59.77	0.53	0.58	0.81	0.44	0.86	49.7	6.92	85.26	64.32	0.81	1733.6	22.61					Free-model	NA	-0.15745	-95.6	0.1702293190553756	0.4558768285484333					4	-0.21908	0.07751	-25.05	42.81247	0.26557	0.02604	0.47546	0.08237	64.0025	12.86004	46.3425	14.13379	37.705	12.77121
118	TR879TS204_1	204	66.59	100.0	-0.36		-0.3		45.23		23.95	40.47	5.688	6.549	220.0	6.0	0.0	0.0	71.36	84.55	-0.06		-0.01		84.55	75.013	1.82	26.89	20.1	201.0	2.4	2.21	0.53	58.41	0.52	0.57	0.81	0.43	0.86	49.1	6.92	84.85	63.85	0.81	1721.1	22.83					Free-model	NA	-0.20862	-95.6	0.17628089179460968	0.4657626064343331					4	-0.29264	0.04799	-25.05	42.81247	0.25921	0.02718	0.45432	0.09905	65.0175	13.48504	48.9775	16.77052	39.325	14.25094
119	TR879TS118_4	118	66.25	100.0			-0.32		47.27		30.86	38.94	5.82	6.327	220.0	2.0	0.0	0.0	63.18	76.36			-0.47		76.36	58.104	1.92	26.75	19.3	197.0	3.1	1.85	0.58	63.86	0.6	0.62	0.8	0.48	0.85	74.56	6.81	85.32	67.87	0.77	1657.4	21.22					Free-model	NA	-0.13714	-95.6	0.08954453897638469	0.33325586640784377					4	-0.19156	0.1155	-25.05	42.81247	0.20894	0.03896	0.4201	0.08856	62.515	7.85028	44.99	7.50043	35.305	5.76473
120	TR879TS118_5	118	65.91	100.0			-0.34		45.45		31.34	40.92	5.899	6.339	220.0	2.0	0.0	0.0	70.0	79.55			-0.09		79.55	62.421	1.85	26.75	20.8	199.0	2.7	1.91	0.6	68.64	0.61	0.65	0.82	0.42	0.85	79.34	6.81	86.25	69.58	0.79	1774.3	21.33					Free-model	NA	-0.12181	-95.6	0.09514333797735879	0.3549803816870523					4	-0.16138	0.10644	-22.25	44.68453	0.21628	0.04261	0.37073	0.07508	64.2475	12.04733	45.75	14.05499	35.92	12.56682
121	TR879TS118_1	118	65.68	100.0	-0.42		-0.36		45.12		27.1	38.38	5.635	6.191	220.0	2.0	0.0	0.0	65.0	79.55	-0.45		-0.37		80.0	63.172	1.92	26.6	20.7	203.0	3.0	1.77	0.58	69.55	0.6	0.64	0.82	0.45	0.85	79.84	6.92	86.46	69.92	0.78	1764.6	19.35					Free-model	NA	-0.16889	-95.6	0.10077044677707872	0.3427790475446023					4	-0.19335	0.07438	-24.925	42.88609	0.22728	0.04415	0.31545	0.06859	61.22	7.27413	44.065	6.70637	35.29	5.60202
122	TR879TS418_1	418	62.5	100.0	-0.65		-0.57		43.63		24.95	37.53	12.364	12.252	220.0	1.0	0.0	0.0	66.36	78.18	-0.36		-0.29		78.18	65.761	1.89	24.51	18.2	187.0	2.5	4.05	0.52	55.68	0.55	0.56	0.62	0.79	0.71	63.3	6.92	71.84	64.48	0.74	1576.6	67.21	36.32				Free-model	NA	-0.11252	-95.6	0.08244539899311201	0.43817444490255825					4	-0.1612	0.08339	-24.1	43.39597	0.15054	0.02368	0.49003	0.03346	66.7775	8.19048	49.7225	10.76341	41.2025	9.66794
123	TR879TS418_4	418	59.32	100.0			-0.78		40.68		22.82	36.2	9.968	10.303	220.0	0.0	0.0	0.0	62.73	74.55			-0.5		74.55	68.659	1.81	23.62	16.8	180.0	2.5	3.92	0.47	47.95	0.52	0.51	0.62	0.98	0.76	68.0	6.81	69.44	60.95	0.72	1468.7	74.25	38.55				Free-model	NA	-0.11018	-95.6	0.08523127747940061	0.4252529122303429					4	-0.18971	0.14787	-24.925	42.88609	0.17037	0.01469	0.3843	0.04271	69.525	9.45845	52.3875	12.08489	41.5825	10.42504
124	TR879TS418_2	418	59.2	100.0			-0.79		41.25		25.06	37.37	9.031	9.492	220.0	1.0	0.0	0.0	63.64	72.73			-0.44		74.55	68.101	1.84	23.17	16.3	181.0	2.6	4.01	0.47	45.91	0.53	0.51	0.61	0.87	0.79	59.3	6.7	65.62	61.22	0.72	1426.5	59.9	39.72				Free-model	NA	-0.13245	-95.6	0.09357667164152322	0.45147322996412653					4	-0.20126	0.06175	-25.05	42.81247	0.17406	0.01891	0.45681	0.04279	67.07	10.08364	50.015	12.57236	40.8525	11.25328
125	TR879TS418_3	418	59.09	100.0			-0.79		40.23		22.59	33.15	7.385	7.944	220.0	1.0	0.0	0.0	60.45	76.82			-0.62		76.82	63.735	2.08	24.66	15.6	189.0	2.8	3.96	0.47	47.27	0.53	0.51	0.67	0.85	0.82	65.3	6.47	69.49	59.64	0.74	1369.5	52.82	39.7				Free-model	NA	-0.07896	-95.6	0.08551695649881515	0.44598300115409134					4	-0.1192	0.09328	-24.975	42.85478	0.18243	0.03592	0.52798	0.04509	69.0325	8.88572	52.79	11.21888	42.9075	10.49008
126	TR879TS279_1	279	57.5	100.0	-1.0		-0.9		37.73		22.43	32.52	5.204	5.632	220.0	6.0	0.0	0.0	56.36	72.73	-0.97		-0.85		73.64	54.055	2.13	25.26	18.8	195.0	3.1	1.63	0.56	64.77	0.6	0.62	0.85	0.43	0.86	79.04	6.81	86.35	67.04	0.74	1619.3	14.93	74.84				Free-model	NA	-0.05245	-86.5	0.09735785632938149	0.3827494524572168					4	-0.02166	0.08329	23.575	44.11374	0.18406	0.0302	0.44776	0.06002	64.0025	11.36852	46.32	12.78259	37.205	11.64751
127	TR879TS418_5	418	55.45	100.0			-1.04		38.07		22.88	32.82	9.004	9.44	220.0	1.0	0.0	0.0	55.91	65.45			-0.88		66.36	59.626	1.71	20.94	12.8	164.0	3.0	3.97	0.43	41.59	0.5	0.47	0.58	0.94	0.79	63.2	5.99	59.73	57.53	0.67	1152.5	85.65	44.66				Free-model	NA	-0.10918	-95.6	0.09009928559384828	0.4298632651641032					4	-0.19178	0.08295	-25.0	42.8418	0.18204	0.01428	0.44099	0.05566	67.83	9.47418	51.1625	11.55126	41.545	9.81343
128	TR879TS204_4	204	50.68	100.0			-1.35		27.84		12.55	21.99	6.174	7.214	220.0	7.0	0.0	0.0	48.18	73.18			-1.31		73.18	42.581	2.53	26.3	0.0	0.0		2.04	0.4	35.0	0.41	0.43	0.77	0.67	0.83	9.8	6.35	70.88	46.04	0.71		31.59					Free-model	NA	-0.27139	-95.6	0.24213599917912	0.5175113615855352					4	-0.306	0.22504	-25.05	42.81247	0.26627	0.03796	0.52388	0.0846	64.605	6.01449	46.925	7.55274	36.6575	7.18798
129	TR879TS330_5	330	32.16	100.0			-2.58		18.52		7.72	11.57	14.533	14.972	220.0	2.0	0.0	0.0	23.18	43.18			-2.71		45.45	31.09	2.51	14.84	5.8	136.0	4.4	1.67	0.34	30.68	0.47	0.35	0.38	1.19	0.58	63.6	5.86	52.46	47.78	0.47	592.2	76.16	58.38				Free-model	NA	-0.12434	-95.6	0.12203595735350357	0.42271504023493384					4	-0.1926	0.06485	-25.05	42.81247	0.22499	0.01669	0.49887	0.10908	57.775	7.07328	40.15	8.7327	32.695	8.13047
130	TR879TS330_2	330	30.91	100.0			-2.66		19.66		10.94	15.23	16.093	16.228	220.0	1.0	0.0	0.0	24.55	38.64			-2.63		40.45	30.282	2.28	12.01	5.2	116.0	3.7	2.09	0.36	32.5	0.5	0.39	0.36	1.37	0.51	72.4	2.58	59.52	49.53	0.44	561.0	83.69	55.41				Free-model	NA	-0.1082	-95.6	0.11642131624133548	0.3951965906943881					4	-0.21171	0.16166	-15.775	50.55355	0.16187	0.07016	0.42614	0.05756	60.94	8.27531	44.8325	8.39597	37.0925	7.13921
131	TR879TS330_3	330	28.18	100.0			-2.84		17.39		9.31	11.91	13.795	14.101	220.0	2.0	0.0	0.0	18.64	38.18			-2.97		42.27	28.851	2.51	9.92	5.0	120.0	4.2	1.7	0.35	30.45	0.48	0.35	0.39	1.23	0.55	71.4	3.07	61.29	46.41	0.45	530.1	54.23	51.5				Free-model	NA	-0.07556	-95.39999999999999	0.13106397379070173	0.4109689079954709					4	-0.11619	0.10574	-1.225	68.42355	0.18383	0.04795	0.46505	0.08066	61.0675	10.57419	46.05	9.82632	37.775	9.01572
132	TR879TS330_4	330	27.95	100.0			-2.86		16.48		6.85	11.84	14.448	14.554	220.0	1.0	0.0	0.0	21.82	31.82			-2.79		37.27	26.724	2.44	8.88	4.1	123.0	4.9	1.27	0.34	32.95	0.47	0.33	0.37	1.2	0.56	67.3	5.04	50.27	45.0	0.43	461.8	76.91	47.07				Free-model	NA	-0.10777	-95.6	0.1380506770985579	0.3820972086820308					4	-0.19434	0.15624	-19.375	47.05148	0.20227	0.03743	0.38922	0.11685	57.1975	5.59501	40.7975	5.97579	33.3675	5.15258
133	TR879TS330_1	330	27.61	100.0	-3.09		-2.88		17.5		7.9	11.54	15.077	15.471	220.0	2.0	0.0	0.0	22.27	35.91	-3.04		-2.76		43.64	30.436	2.5	9.63	4.8	117.0	3.6	1.61	0.34	31.59	0.49	0.34	0.32	1.38	0.58	68.5	4.89	52.62	48.77	0.46	526.9	75.96	49.81				Free-model	NA	-0.08777	-95.6	0.132608882025858	0.41756790892655143					4	-0.1214	0.02178	-25.05	42.81247	0.20666	0.0411	0.47232	0.0726	56.5025	5.13865	39.9925	5.81273	32.535	4.86723
134	TR879TS399_5	399	13.41	65.0			-3.82		7.61		3.61	5.66	16.519	17.094	143.0	14.0	0.0	0.0	0.0	0.0			-4.01		19.55	13.088	2.22	1.94	0.0	0.0		3.99	0.07	17.95	0.25	0.15	0.09	2.36	0.5	36.53	2.58	25.92	28.1	0.22		50.01	32.57				Free-model	NA	-0.05524	-94.0	0.0871624079914442	0.6048902288631334					4														
135	TR879TS399_3	399	12.16	65.0			-3.9		7.84		3.61	5.66	17.579	17.886	143.0	8.0	0.0	0.0	0.0	0.0			-4.01		18.18	12.953	2.72	1.94	0.0	0.0		3.88	0.09	17.73	0.25	0.16	0.12	2.03	0.51	35.16	2.3	22.31	27.77	0.22		79.02	31.1				Free-model	NA	-0.05332	-95.19999999999999	0.08482568817691889	0.6048185866579797					4														
136	TR879TS399_1	399	12.16	65.0	-4.18		-3.9		7.73		3.61	5.66	16.877	17.309	143.0	9.0	0.0	0.0	0.45	2.73	-4.36		-3.98		18.18	12.497	2.34	1.97	0.0	0.0		3.88	0.09	17.95	0.25	0.16	0.13	2.03	0.5	35.16	2.3	23.56	27.74	0.21		79.05	31.51				Free-model	NA	-0.04371	-91.5	0.08620987279748725	0.6059988973731959					4														
137	TR879TS399_2	399	12.16	65.0			-3.9		7.73		3.61	5.66	18.248	18.515	143.0	13.0	0.0	0.0	0.0	2.27			-4.01		16.82	11.854	2.15	1.94	0.0	0.0		3.91	0.09	17.95	0.25	0.15	0.08	2.34	0.5	38.09	2.3	22.52	27.65	0.22		78.01	32.01				Free-model	NA	-0.05666	-95.0	0.08557247393453106	0.6053868675050169					4														
138	TR879TS399_4	399	12.16	65.0			-3.9		7.73		3.61	5.66	16.259	16.734	143.0	9.0	0.0	0.0	0.45	2.73			-3.98		17.27	12.889	2.39	2.28	0.0	0.0		3.99	0.09	16.82	0.25	0.16	0.12	2.01	0.51	35.16	2.3	23.53	27.62	0.23		79.36	29.67				Free-model	NA	-0.0914	-95.6	0.10140118500338198	0.6053131972177486					4														
